URL,Count
"/check-uk-visa/y/pakistan/transit",58
"/check-uk-visa/y/south-sudan/study",1
"/check-uk-visa/y/egypt/work/longer_than_six_months",79
"/check-uk-visa/y/democratic-republic-of-congo/study/longer_than_six_months",2
"/check-uk-visa/y/india/marriage",135
"/check-uk-visa/y/usa/study",246
"/check-uk-visa/y/montenegro/study",2
"/check-uk-visa/y/benin/study/six_months_or_less",1
"/check-uk-visa/y/russia/medical",4
"/check-uk-visa/y/japan/study",123
"/check-uk-visa/y/timor-leste/work/longer_than_six_months",3
"/check-uk-visa/y/argentina/study/six_months_or_less",39
"/check-uk-visa/y/gambia/family",14
"/check-uk-visa/y/jamaica/study/six_months_or_less",10
"/check-uk-visa/y/the-occupied-palestinian-territories/medical",1
"/check-uk-visa/y/suriname/transit/yes",1
"/check-uk-visa/y/mexico",235
"/check-uk-visa/y/st-kitts-and-nevis/family",5
"/check-uk-visa/y/ecuador/transit/yes",5
"/check-uk-visa/y/benin/transit/no",3
"/check-uk-visa/y/syria/transit",24
"/check-uk-visa/y/somalia/medical",1
"/check-uk-visa/y/ecuador/transit/no",18
"/check-uk-visa/y/malawi/tourism",53
"/check-uk-visa/y/kosovo/transit",3
"/check-uk-visa/y/hong-kong/study",77
"/check-uk-visa/y/singapore/marriage",10
"/check-uk-visa/india/transit/no",1
"/check-uk-visa/y/hong-kong/tourism",134
"/check-uk-visa/y/cape-verde/work",2
"/check-uk-visa/y/botswana/tourism",37
"/check-uk-visa/y/democratic-republic-of-congo/marriage",1
"/check-uk-visa/y/pakistan/study",123
"/check-uk-visa/y/cameroon/family",11
"/check-uk-visa/y/gambia/study",4
"/check-uk-visa/y/iran/marriage",32
"/check-uk-visa/y/samoa/study/six_months_or_less",1
"/check-uk-visa/y/tanzania/work",12
"/check-uk-visa/y/chile/study/six_months_or_less",59
"/check-uk-visa/y/canada/transit",24
"/check-uk-visa/y/mongolia/study/six_months_or_less",2
"/check-uk-visa/y/eritrea/study/six_months_or_less",1
"/check-uk-visa/y/bolivia/work/longer_than_six_months",6
"/check-uk-visa/y/zimbabwe/marriage",20
"/check-uk-visa/y/the-occupied-palestinian-territories/study/six_months_or_less",7
"/check-uk-visa/y/turkey/study/six_months_or_less",164
"/check-uk-visa/y/honduras/tourism",19
"/check-uk-visa/y/bhutan/tourism",4
"/check-uk-visa/china",1
"/check-uk-visa/y/uruguay/tourism",32
"/check-uk-visa/y/togo/marriage",1
"/check-uk-visa/y/cameroon/work/longer_than_six_months",5
"/check-uk-visa/y/dominican-republic/tourism",89
"/check-uk-visa/y/namibia/study",3
"/check-uk-visa/y/anguilla/work/longer_than_six_months",2
"/check-uk-visa/y/kazakhstan/work/six_months_or_less",70
"/check-uk-visa/y/India/work",1
"/check-uk-visa/y/algeria/work/six_months_or_less",120
"/check-uk-visa/y/chad",11
"/check-uk-visa/y/maldives/tourism",9
"/check-uk-visa/y/indonesia/work/six_months_or_less",91
"/check-uk-visa/y/uganda/family",20
"/check-uk-visa/y/bosnia-and-herzegovina/tourism",57
"/check-uk-visa/y/bermuda/work/longer_than_six_months",4
"/check-uk-visa/y/uruguay/study/six_months_or_less",8
"/check-uk-visa/y/south-korea/work/six_months_or_less",65
"/check-uk-visa/y/sierra-leone",49
"/check-uk-visa/y/turkey/medical",2
"/check-uk-visa/y/algeria",439
"/check-uk-visa/y/the-occupied-palestinian-territories/transit/yes",5
"/check-uk-visa/y/south-africa/transit/yes",222
"/check-uk-visa/y/china/family",345
"/check-uk-visa/y/thailand/marriage",77
"/check-uk-visa/y/hong-kong-(british-national-overseas)/study",12
"/check-uk-visa/y/cuba/tourism",55
"/check-uk-visa/y/pakistan/work/longer_than_six_months",223
"/check-uk-visa/y/yemen/family",7
"/check-uk-visa/y/ethiopia/study",15
"/check-uk-visa/y/ghana/study/longer_than_six_months",37
"/check-uk-visa/y/south-korea/work",116
"/check-uk-visa/y/cameroon/tourism",123
"/check-uk-visa/y/laos",10
"/check-uk-visa/y/israel/marriage",8
"/check-uk-visa/y/argentina",154
"/check-uk-visa/y/guyana/family",4
"/check-uk-visa/y/azerbaijan/study/longer_than_six_months",6
"/check-uk-visa/y/the-occupied-palestinian-territories/work/six_months_or_less",5
"/check-uk-visa/y/anguilla/work/six_months_or_less",1
"/check-uk-visa/y/usa/medical",10
"/check-uk-visa/y/russia/study/longer_than_six_months",83
"/check-uk-visa/y/the-occupied-palestinian-territories/transit/no",15
"/check-uk-visa/y/usa",1890
"/check-uk-visa/y/canas",1
"/check-uk-visa/y/albania/work/six_months_or_less",42
"/check-uk-visa/y/afghanistan/study",69
"/check-uk-visa/y/bangladesh/tourism",383
"/check-uk-visa/y/south-africa/transit/no",155
"/check-uk-visa/y/the-occupied-palestinian-territories/family",2
"/check-uk-visa/y/south-georgia-and-south-sandwich-islands/family",1
"/check-uk-visa/y/senegal/tourism",54
"/check-uk-visa/y/haiti/work/six_months_or_less",1
"/check-uk-visa/y/el-salvador/transit",1
"/check-uk-visa/y/central-african-republic/work/six_months_",1
"/check-uk-visa/y/cambodia/tourism",24
"/check-uk-visa/y/panama/study/longer_than_six_months",3
"/check-uk-visa/y/indonesia",477
"/check-uk-visa/y/ethiopia/school",1
"/check-uk-visa/y/nepal/transit/yes",5
"/check-uk-visa/y/india/study/longer_than_six_months",221
"/check-uk-visa/y/moldova/transit/yes",3
"/check-uk-visa/y/bangladesh/transit",15
"/check-uk-visa/y/sri-lanka/study/longer_than_six_months",35
"/check-uk-visa/y/venezuela/study/longer_than_six_months",91
"/check-uk-visa/y/ethiopia/work/six_months_or_less",25
"/check-uk-visa/y/montenegro/study/six_months_or_less",1
"/check-uk-visa/y/cameroon/study/longer_than_six_months",4
"/check-uk-visa/y/libya/work",28
"/check-uk-visa/y/colombia/transit/no",67
"/check-uk-visa/y/sudan/tourism",127
"/check-uk-visa/y/morocco/study/six_months_or_less",18
"/check-uk-visa/y/mongolia/work",4
"/check-uk-visa/y/liberia/family",1
"/check-uk-visa/y/qatar/study/longer_than_six_months",10
"/check-uk-visa/y/colombia/study/six_months_or_less",87
"/check-uk-visa/y/nepal/school",1
"/check-uk-visa/y/croatia",87
"/print/check-uk-visa/y/usa/work/longer_than_six_months",1
"/check-uk-visa/y/costa-rica/marriage",2
"/check-uk-visa/y/cyprus",14
"/check-uk-visa/y/british-virgin-islands/work/six_months_or_less",4
"/check-uk-visa/y/st-lucia/tourism",7
"/check-uk-visa/y/st-vincent-and-the-grenadines/tourism",7
"/check-uk-visa/y/algeria/study/longer_than_six_months",25
"/check-uk-visa/y/cuba/family",10
"/check-uk-visa/y/peru/work",37
"/check-uk-visa/y/panama/study/six_months_or_less",4
"/check-uk-visa/y/gambia/marriage",6
"/check-uk-visa/y/botswana/study/longer_than_six_months",6
"/check-uk-visa/y/equatorial-guinea/study/six_months_or_less",2
"/check-uk-visa/y/Poland",1
"/check-uk-visa/y/mauritius/study",7
"/check-uk-visa/y/australia/family",242
"/check-uk-visa/y/kosovo/work/six_months_or_less",4
"/check-uk-visa/y/libya/transit",7
"/check-uk-visa/y/bangladesh/study/longer_than_six_months",81
"/check-uk-visa/y/burma/study",4
"/check-uk-visa/y/mauritania/tourism",4
"/check-uk-visa/y/australia",1207
"/check-uk-visa/y/syria/transit/yes",16
"/check-uk-visa/login",6
"/check-uk-visa/y/grenada/work/six_months_or_less",5
"/check-uk-visa/y/brunei",10
"/check-uk-visa/y/benin/transit",3
"/check-uk-visa/y/sierra-leone/medical",1
"/check-uk-visa/y/zambia/study/longer_than_six_months",8
"/check-uk-visa/y/yemen",45
"/check-uk-visa/y/ethiopia/tourism",52
"/check-uk-visa/y/british-dependent-territories-citizen/family",5
"/check-uk-visa/y/taiwan/family",18
"/check-uk-visa/y/tunisia/work/longer_than_six_months",14
"/check-uk-visa/y/fiji/study/longer_than_six_months",3
"/check-uk-visa/y/philippines/transit/yes",76
"/check-uk-visa/y/brazil/study",82
"/check-uk-visa/y/sri-lanka/study/six_months_or_less",16
"/check-uk-visa/y/moldova/work/longer_than_six_months",7
"/check-uk-visa/y/hong-kong-(british-national-overseas)/tourism",24
"/check-uk-visa/y/egypt/medical",13
"/check-uk-visa/y/el-salvador/work",3
"/check-uk-visa/y/japan/transit",3
"/check-uk-visa/y/british-overseas-citizen/study/six_months_or_less",4
"/check-uk-visa/y/andorra/tourism",2
"/check-uk-visa/y/morocco/study/longer_than_six_months",16
"/check-uk-visa/y/uzbekistan/transit/no",1
"/check-uk-visa/y/somalia/study/six_months_or_less",1
"/check-uk-visa/y/vietnam/transit/no",12
"/check-uk-visa/y/zambia/transit/yes",3
"/check-uk-visa/y/angola",128
"/print/check-uk-visa/y/canada/family",1
"/check-uk-visa/y/guatemala/tourism",22
"/check-uk-visa/y/dominican-republic/transit",4
"/check-uk-visa/y/cape-verde/study/longer_than_six_months",1
"/check-uk-visa/y/ecuador/marriage",2
"/check-uk-visa/y/iraq/medical",10
"/check-uk-visa/y/oman/work/six_months_or_less",30
"/check-uk-visa/y/south-sudan/work/six_months_or_less",5
"/check-uk-visa/y/kiribati/study/six_months_or_less",1
"/check-uk-visa/y/mexico/school",2
"/check-uk-visa/y/sri-lanka/work",57
"/print/check-uk-visa/y/australia/work/six_months_or_less",1
"/check-uk-visa/y/chile/transit",8
"/check-uk-visa/y/sierra-leone/study/longer_than_six_months",3
"/check-uk-visa/y/malawi/study/longer_than_six_months",7
"/check-uk-visa/y/indonesia/study/longer_than_six_months",26
"/check-uk-visa/y/tajikistan/work/six_months_or_less",2
"/check-uk-visa/y/lesotho/work/longer_than_six_months",2
"/check-uk-visa/y/bangladesh/transit/yes",5
"/check-uk-visa/y/vatican-city/work/six_months_or_less",1
"/check-uk-visa/y/kazakhstan/study/six_months_or_less",47
"/check-uk-visa/y/philippines/marriage",130
"/check-uk-visa/y/belgium",50
"/check-uk-visa/y/lebanon/transit/yes",19
"/check-uk-visa/y/yemen/transit",1
"/check-uk-visa/y/belarus/school",2
"/check-uk-visa/y/st-kitts-and-nevis/study/six_months_or_l",2
"/check-uk-visa/y/belize/study/longer_than_six_months",4
"/check-uk-visa/y/comoros/work/six_months_or_less",3
"/check-uk-visa/y/indonesia/study",37
"/check-uk-visa/y/seychelles/work",1
"/check-uk-visa/y/sierra-leone/work/six_months_or_less",5
"/check-uk-visa/y/samoa/tourism",5
"/check-uk-visa/y/eritrea/marriage",4
"/check-uk-visa/y/seychelles",10
"/check-uk-visa/y/turks-and-caicos-islands",3
"/check-uk-visa/y/tonga/transit",1
"/check-uk-visa/y/macedonia/transit/no",4
"/check-uk-visa/y/kazakhstan/study",43
"/check-uk-visa/y/cote-d-ivoire/work",12
"/check-uk-visa/y/guinea/tourism",21
"/check-uk-visa/y/turkey/work/six_months_or_less",361
"/check-uk-visa/y/kenya/transit/yes",25
"/check-uk-visa/y/indonesia/transit/no",8
"/check-uk-visa/y/tunisia/study",7
"/check-uk-visa/y/moldova/transit",2
"/check-uk-visa/y/turkey/study/longer_than_six_months",29
"/check-uk-visa/y/sierra-leone/study",4
"/check-uk-visa/y/cyprus-north/work",5
"/check-uk-visa/y/burundi/work",3
"/check-uk-visa/y/pakistan/study/longer_than_six_months",159
"/check-uk-visa/y/turkey/transit/yes",30
"/check-uk-visa/y/portugal",74
"/check-uk-visa/y/vietnam",197
"/check-uk-visa/y/mauritius/marriage",7
"/check-uk-visa/y/saudi-arabia",870
"/check-uk-visa/y/cayman-islands",6
"/check-uk-visa/y/madagascar/family",5
"/print/check-uk-visa/y/belgium",1
"/check-uk-visa/y/georgia/family",4
"/check-uk-visa/y/somalia/study/longer_than_six_months",1
"/check-uk-visa/y/brunei/tourism",11
"/check-uk-visa/y/belarus/family",15
"/check-uk-visa/y/suriname/work/six_months_or_less",3
"/check-uk-visa/y/bangladesh/school",8
"/check-uk-visa/y/dominican-republic/study/longer_than_six_months",1
"/check-uk-visa/y/south-africa/transit",275
"/check-uk-visa/y/equatorial-guinea/transit/no",1
"/check-uk-visa/y/mozambique/family",1
"/check-uk-visa/y/ghana/study/six_months_or_less",23
"/check-uk-visa/y/jordan/family",11
"/check-uk-visa/y/nepal/family",56
"/check-uk-visa/y/laos/transit",1
"/check-uk-visa/y/south-sudan/marriage",1
"/check-uk-visa/y/tajikistan",12
"/print/check-uk-visa/y",12
"/check-uk-visa/y/grenada/family",5
"/check-uk-visa/y/colombia/family",41
"/check-uk-visa/y/nepal/transit/no",6
"/check-uk-visa/y/lebanon/study",23
"/check-uk-visa/y/malawi/work/six_months_or_less",10
"/check-uk-visa/y/maldives/work",1
"/check-uk-visa/y/azerbaijan/transit",2
"/check-uk-visa/y/cambodia/marriage",3
"/check-uk-visa/y/colombia/marriage",24
"/check-uk-visa/y/sri-lanka/transit/yes",15
"/check-uk-visa/y/gambia",51
"/check-uk-visa/y/latvia",40
"/check-uk-visa/y/new-zealand/work/longer_than_six_months",332
"/check-uk-visa/y/kyrgyzstan/work/six_months_or_less",9
"/check-uk-visa/y/new-zealand/family",79
"/check-uk-visa/y/indonesia/work/longer_than_six_months",34
"/check-uk-visa/y/kenya/tourism",313
"/check-uk-visa/y/ecuador/work/longer_than_six_months",4
"/check-uk-visa/y/democratic-republic-of-congo/study/six_months_or_less",1
"/check-uk-visa/y/japan/school",5
"/check-uk-visa/y/jordan/work",61
"/check-uk-visa/y/nicaragua/school",1
"/check-uk-visa/y/kyrgyzstan/family",2
"/check-uk-visa/y/congo/study/longer_than_six_months",2
"/check-uk-visa/y/kazakhstan/work/longer_than_six_months",38
"/check-uk-visa/y/new-zealand/tourism",163
"/check-uk-visa/y/bahrain/family",1
"/check-uk-visa/y/india/transit/yes",612
"/check-uk-visa/y/st-vincent-and-the-grenadines/marriage",1
"/check-uk-visa/y/macedonia/study/six_months_or_less",5
"/check-uk-visa/y/belarus/study/six_months_or_less",13
"/print/check-uk-visa/y/ghana/transit/yes",1
"/check-uk-visa/y/togo/work/six_months_or_less",4
"/check-uk-visa/y/serbia/school",1
"/check-uk-visa/y/bolivia/study/longer_than_six_months",8
"/check-uk-visa/y/botswana/study/six_months_or_less",6
"/check-uk-visa/y/venezuela/work/six_months_or_lesshttps",1
"/check-uk-visa/y/russia/study",167
"/check-uk-visa/y/libya/tourism",81
"/check-uk-visa/y/belarus/study/longer_than_six_months",8
"/check-uk-visa/y/swaziland/transit",2
"/check-uk-visa/y/mauritania",3
"/check-uk-visa/y/bosnia-and-herzegovina/work/six_months_or_less",19
"/check-uk-visa/y/antigua-and-barbuda/work/six_months_or_less",1
"/check-uk-visa/y/guatemala/work/longer_than_six_months",2
"/check-uk-visa/y/india/work",1595
"/check-uk-visa/y/cambodia/study/longer_than_six_months",2
"/check-uk-visa/y/gabon/work/six_months_or_less",3
"/check-uk-visa/y/qatar/transit/yes",3
"/check-uk-visa/y/Philippines",2
"/check-uk-visa/y/trinidad-and-tobago/work/longer_than_six_months",12
"/check-uk-visa/y/somalia/tourism",23
"/check-uk-visa/y/morocco/family",57
"/check-uk-visa/y/kenya/transit/no",31
"/check-uk-visa/y/tajikistan/tourism",6
"/check-uk-visa/y/algeria/medical",5
"/check-uk-visa/y/cameroon/transit",3
"/check-uk-visa/y/dominica/study/longer_than_six_months",2
"/check-uk-visa/y/burma/work/longer_than_six_months",6
"/check-uk-visa/y/peru/study/longer_than_six_months",14
"/check-uk-visa/y/moldova/study/six_months_or_less",9
"/check-uk-visa/y/lesotho/work/six_months_or_less",1
"/check-uk-visa/y/sudan/work",32
"/check-uk-visa/y/guyana/work",4
"/check-uk-visa/y/andorra/work/longer_than_six_months",3
"/check-uk-visa/y/liberia/work/six_months_or_less",9
"/check-uk-visa/y/jordan/school",2
"/check-uk-visa/y/bosnia-and-herzegovina/transit/yes",2
"/check-uk-visa/y/ukraine/transit",21
"/check-uk-visa/y/argentina/family",27
"/check-uk-visa/y/nepal/marriage",9
"/check-uk-visa/y/togo/work",3
"/check-uk-visa/y/pakistan/transit/yes",56
"/check-uk-visa/y/indonesia/work",116
"/check-uk-visa/y/zimbabwe/school",15
"/check-uk-visa/y/trinidad-and-tobago",54
"/check-uk-visa/y/ghana/study",46
"/check-uk-visa/y/thailand/study/six_months_or_less",53
"/check-uk-visa/y/chile/tourism",146
"/check-uk-visa/y/gabon",9
"/check-uk-visa/y/oman/tourism",151
"/check-uk-visa/y/philippines/work/six_months_or_less",270
"/check-uk-visa/y/qatar/tourism",149
"/check-uk-visa/y/rwanda",27
"/check-uk-visa/y/turkmenistan/study/longer_than_six_months",2
"/check-uk-visa/y/philippines/tourism",1413
"/check-uk-visa/y/democratic-republic-of-congo/family",9
"/check-uk-visa/y/peru/family",19
"/check-uk-visa/y/zambia/school",3
"/check-uk-visa/y/uganda/study/longer_than_six_months",15
"/print/check-uk-visa/y/colombia/transit/no",1
"/check-uk-visa/y/sri-lanka/transit/no",27
"/check-uk-visa/y/usa/marriage",282
"/check-uk-visa/y/syria/school",2
"/check-uk-visa/y/british-national-overseas/work/longer_than_six_months",22
"/check-uk-visa/y/syria/study",14
"/check-uk-visa/y/usa/work",627
"/check-uk-visa/y/kazakhstan/school",3
"/check-uk-visa/y/saudi-arabia/work",111
"/check-uk-visa/y/hong-kong/work/six_months_or_less",47
"/check-uk-visa/y/bhutan/study/six_months_or_less",2
"/check-uk-visa/y/burundi",9
"/check-uk-visa/y/eritrea/study/longer_than_six_months",2
"/check-uk-visa/y/morocco/study",24
"/check-uk-visa/y/maldives/study/longer_than_six_months",4
"/check-uk-visa/y/south-korea/work/longer_than_six_months",105
"/check-uk-visa/y/chile/marriage",5
"/check-uk-visa/y/morocco/marriage",26
"/check-uk-visa/y/albania/school",2
"/check-uk-visa/y/burma/school",1
"/check-uk-visa/y/maldives",2
"/check-uk-visa/y/angola/school",3
"/check-uk-visa/y/turkey/transi",1
"/check-uk-visa/y/san-marino/work/longer_than_six_months",1
"/check-uk-visa/y/uganda/transit/yes",4
"/check-uk-visa/y/india/school",43
"/check-uk-visa/y/kuwait/tourism",360
"/check-uk-visa/y/south-africa/school",3
"/check-uk-visa/y/serbia/work/six_months_or_less",100
"/check-uk-visa/y/antigua-and-barbuda/work",2
"/check-uk-visa/y/sudan/work/longer_than_six_months",13
"/check-uk-visa/y/nigeria/school",35
"/check-uk-visa/y/malaysia/tourism",239
"/check-uk-visa/y/libya/family",9
"/check-uk-visa/y/kenya/study/longer_than_six_months",35
"/check-uk-visa/y/sri-lanka/work/six_months_or_less",52
"/check-uk-visa/y/burundi/transit/no",2
"/check-uk-visa/y/south-sudan/work",4
"/check-uk-visa/y/burma/family",5
"/check-uk-visa/y/belarus/transit/yes",5
"/check-uk-visa/y/vietnam/transit/yes",7
"/check-uk-visa/y/turkey/school",18
"/check-uk-visa/y/tunisia/transit",3
"/check-uk-visa/y/malawi/transit",1
"/check-uk-visa/y/fiji/study/six_months_or_less",1
"/check-uk-visa/y/gabon/transit/yes",1
"/check-uk-visa/y/qatar/work",17
"/check-uk-visa/y/japan",344
"/check-uk-visa/y/barbados/study/longer_than_six_months",6
"/check-uk-visa/y/syria",159
"/check-uk-visa/y/british-dependent-territories-citizen/work",5
"/check-uk-visa/y/singapore/work/longer_than_six_months",37
"/check-uk-visa/y/bahrain/work/longer_than_six_months",4
"/check-uk-visa/y/georgia",34
"/check-uk-visa/china/transit/no",1
"/check-uk-visa/y/cape-verde",22
"/check-uk-visa/y/tunisia/family",46
"/check-uk-visa/y/eritrea/study",1
"/check-uk-visa/y/british-overseas-citizen/work",16
"/check-uk-visa/y/north-korea/study",1
"/check-uk-visa/y/guyana/study/six_months_or_less",2
"/check-uk-visa/y/indonesia/transit",21
"/check-uk-visa/y/malaysia/work/longer_than_six_months",61
"/check-uk-visa/y/zambia/work",8
"/check-uk-visa/y/ecuador",96
"/check-uk-visa/y/thailand/medical",1
"/check-uk-visa/y/cote-d-ivoire/work/longer_than_six_months",4
"/print/check-uk-visa/y/usa/study/six_months_or_less",1
"/check-uk-visa/y/haiti/work/longer_than_six_months",2
"/check-uk-visa/y/malaysia/study",67
"/check-uk-visa/y/armenia/work/longer_than_six_months",4
"/check-uk-visa/y/anguilla/work",3
"/check-uk-visa/y/mexico/study/longer_than_six_months",56
"/check-uk-visa/y/antigua-and-barbuda/study/longer_than_six_months",1
"/check-uk-visa/y/nepal/work/six_months_or_less",16
"/check-uk-visa/y/jordan/medical",1
"/check-uk-visa/y/afghanistan/transit/yes",9
"/check-uk-visa/y/venezuela/school",9
"/check-uk-visa/y/zimbabwe/transit/no",8
"/check-uk-visa/y/botswana/work/six_months_or_less",1
"/check-uk-visa/y/china",8668
"/check-uk-visa/y/tajikistan/study/longer_than_six_months",2
"/check-uk-visa/y/japan/work",143
"/check-uk-visa/y/turkmenistan/study",6
"/check-uk-visa/y/marshall-islands",1
"/check-uk-visa/y/serbia/transit/yes",14
"/check-uk-visa/y/antigua-and-barbuda/marriage",2
"/check-uk-visa/y/turkey/transit",56
"/check-uk-visa/y/united-arab-emirates/transit/no",2
"/check-uk-visa/y/chile/study/longer_than_six_months",29
"/check-uk-visa/y/macao",18
"/check-uk-visa/y/vietnam/work/six_months_or_less",64
"/check-uk-visa/y/kyrgyzstan/work/longer_than_six_months",3
"/check-uk-visa/y/kuwait/study/six_months_or_less",11
"/check-uk-visa/y/russia/work",337
"/check-uk-visa/y/iraq/work",45
"/check-uk-visa/y/cape-verde/tourism",19
"/check-uk-visa/y/israel/transit",2
"/check-uk-visa/y/united-arab-emirates/family",5
"/check-uk-visa/y/belarus/transit",9
"/check-uk-visa/y/india/transit/no",874
"/check-uk-visa/y/chad/study/longer_than_six_months",1
"/check-uk-visa/y/seychelles/study",2
"/check-uk-visa/y/bahrain",211
"/check-uk-visa/y/belize/tourism",13
"/check-uk-visa/y/oman/work/longer_than_six_months",3
"/check-uk-visa/y/philippines/transit",72
"/check-uk-visa/y/fiji/marriage",1
"/check-uk-visa/y/turkey/study",96
"/check-uk-visa/y/nigeria/tourism",1855
"/check-uk-visa/y/guinea/work/six_months_or_less",3
"/check-uk-visa/contact-ukvi-outside-uk",1
"/check-uk-visa/y/comoros/study/six_months_or_less",3
"/check-uk-visa/y/iceland",12
"/check-uk-visa/y/uzbekistan/transit",5
"/check-uk-visa/y/trinidad-and-tobago/study/six_months_or_less",6
"/check-uk-visa/y/central-african-republic/study/longer_than_six_months",1
"/check-uk-visa/y/south-korea/tourism",69
"/check-uk-visa/y/serbia/tourism",179
"/check-uk-visa/y/hong-kong-(british-national-overseas)/work/six_months_or_less",8
"/check-uk-visa/y/jordan/study/longer_than_six_months",6
"/check-uk-visa/y/united-arab-emirates/work",24
"/check-uk-visa/y/the-occupied-palestinian-territories",18
"/check-uk-visa/y/syria/work",35
"/check-uk-visa/y/argentina/study/longer_than_six_months",20
"/check-uk-visa/y/syria/transit/no",70
"/check-uk-visa/y/north-korea/study/six_months_or_less",1
"/check-uk-visa/y/ghana/medical",2
"/check-uk-visa/y/san-marino",2
"/check-uk-visa/y/afghanistan/transit/no",10
"/check-uk-visa/y/qatar",146
"/check-uk-visa/y/chile/work/longer_than_six_months",20
"/check-uk-visa/y/cuba/study/six_months_or_less",1
"/check-uk-visa/y/guyana/study",1
"/check-uk-visa/y/philippines/work/longer_than_six_months",176
"/check-uk-visa/y/australia/transit",14
"/check-uk-visa/y/chad/work",1
"/check-uk-visa/y/congo",29
"/check-uk-visa/y/vietnam/family",11
"/check-uk-visa/y/libya/transit/no",3
"/check-uk-visa/y/venezuela/tourism...",1
"/check-uk-visa/y/kosovo/transit/no",1
"/check-uk-visa/y/dominican-republic/work/six_months_or_less",22
"/check-uk-visa/y/mongolia/tourism",19
"/check-uk-visa/y/bahamas/tourism",5
"/check-uk-visa/y/somalia",32
"/check-uk-visa/y/nauru",2
"/check-uk-visa/y/grenada/study/six_months_or_less",1
"/check-uk-visa/y/mauritania/work/longer_than_six_months",1
"/check-uk-visa/y/togo",16
"/check-uk-visa/y/sri-lanka/transit",18
"/check-uk-visa/y/malaysia",313
"/check-uk-visa/y/kenya/work",89
"/check-uk-visa/y/macedonia/transit",1
"/check-uk-visa/y/nicaragua/tourism",14
"/check-uk-visa/y/russia",1370
"/check-uk-visa/y/iraq/study/six_months_or_less",19
"/check-uk-visa/y/belize/marriage",1
"/check-uk-visa/y/madagascar/tourism",24
"/check-uk-visa/y/slovakia",22
"/check-uk-visa/y/china/tourism",6139
"/check-uk-visa/y/cuba/work/longer_than_six_months",7
"/check-uk-visa/y/philippines/work",296
"/check-uk-visa/y/bahrain/tourism",193
"/check-uk-visa/y/namibia/work/longer_than_six_months",2
"/check-uk-visa/y/china/study/longer_than_six_months",1107
"/print/check-uk-visa/y/usa/work/six_months_or_less",1
"/check-uk-visa/y/south-africa",2718
"/check-uk-visa/y/usa/study/longer_than_six_months",183
"/check-uk-visa/y/british-dependent-territories-citizen/tourism",6
"/check-uk-visa/y/russia/transit/no",31
"/check-uk-visa/y/taiwan/transit/no",1
"/check-uk-visa/y/uganda/work/longer_than_six_months",3
"/check-uk-visa/y/moldova/study",7
"/check-uk-visa/y/kazakhstan/tourism",138
"/check-uk-visa/y/costa-rica/study/longer_than_six_months",3
"/check-uk-visa/y/hong-kong/transit",3
"/check-uk-visa/y/ecuador/work",10
"/check-uk-visa/y/serbia/family",7
"/check-uk-visa/y/bangladesh/study",81
"/check-uk-visa/y/bahamas/study/six_months_or_less",2
"/check-uk-visa/y/uzbekistan",41
"/check-uk-visa/y/bahamas/work/longer_than_six_months",3
"/check-uk-visa/y/mali/tourism",5
"/check-uk-visa/y/kosovo/study/longer_than_six_months",4
"/check-uk-visa/y/albania/family",58
"/check-uk-visa/y/bermuda",14
"/check-uk-visa/y/tuvalu/work/six_months_or_less",1
"/check-uk-visa/y/mexico/marriage",27
"/check-uk-visa/y/iraq/tourism",210
"/check-uk-visa/y/tuvalu/school",1
"/check-uk-visa/y/tajikistan/work/longer_than_six_months",2
"/check-uk-visa/y/ethiopia",98
"/check-uk-visa/y/turkmenistan/work/longer_than_six_months",1
"/check-uk-visa/y/canada/study",79
"/check-uk-visa/y/bangladesh/medical",3
"/check-uk-visa/y/mongolia/work/longer_than_six_months",2
"/check-uk-visa/y/chile/family",19
"/check-uk-visa/y/mexico/study/six_months_or_less",74
"/check-uk-visa/y/macao/work/six_months_or_less",3
"/check-uk-visa/y/panama/work/six_months_or_less",2
"/check-uk-visa/y/burma/medical",2
"/check-uk-visa/y/turkey/work",261
"/check-uk-visa/y/south-africa/family",156
"/check-uk-visa/y/venezuela/study",97
"/check-uk-visa/y/iran/medical",3
"/check-uk-visa/y/bosnia-and-herzegovina/work",17
"/check-uk-visa/y/sudan/school",3
"/check-uk-visa/y/cote-d-ivoire/work/six_months_or_less",16
"/check-uk-visa/y/mexico/work/longer_than_six_months",44
"/check-uk-visa/y/namibia/family",1
"/check-uk-visa/y/cape-verde/transit",1
"/check-uk-visa/y/dominican-republic/school",2
"/check-uk-visa/y/lesotho/transit",1
"/check-uk-visa/y/albania",190
"/check-uk-visa/y/russia/family",109
"/check-uk-visa/y/guyana/transit/yes",8
"/check-uk-visa/y/el-salvador/marriage",1
"/check-uk-visa/y/Pakistan/work",2
"/check-uk-visa/y/jordan/tourism",185
"/check-uk-visa/y/colombia/work",94
"/check-uk-visa/y/gabon/transit",1
"/print/check-uk-visa/y/usa/tourism",2
"/check-uk-visa/y/laos/transit/yes",1
"/check-uk-visa/y/swaziland",19
"/check-uk-visa/y/ghana/work/six_months_or_less",67
"/check-uk-visa/y/the-occupied-palestinian-territories/tourism",11
"/check-uk-visa/y/france",134
"/check-uk-visa/y/honduras/work",4
"/check-uk-visa/y/libya/work/six_months_or_less",25
"/check-uk-visa/y/mongolia/work/six_months_or_less",2
"/check-uk-visa/y/seychelles/work/longer_than_six_months",1
"/check-uk-visa/y/bosnia-and-herzegovina/work/longer_than_six_months",2
"/check-uk-visa/y/nigeria/transit/yes",50
"/check-uk-visa/y/montenegro/work/longer_than_six_months",3
"/check-uk-visa/y/georgia/school",1
"/check-uk-visa/y/serbia/transit/no",7
"/check-uk-visa/y/liberia/work",5
"/check-uk-visa/y/bangladesh/work",62
"/check-uk-visa/y/kosovo",39
"/check-uk-visa/y/burma/tourism",40
"/check-uk-visa/y/saudi-arabia/transit/yes",21
"/check-uk-visa/y/greece",27
"/check-uk-visa/y/solomon-islands/family",1
"/check-uk-visa/y/tunisia/school",3
"/check-uk-visa/y/guatemala/school",1
"/check-uk-visa/y/iraq/study/longer_than_six_months",46
"/check-uk-visa/y/saudi-arabia/school",2
"/check-uk-visa/y/guinea/study/six_months_or_less",1
"/check-uk-visa/y/armenia/transit",8
"/check-uk-visa/y/china/medical",6
"/check-uk-visa/y/syria/tourism",117
"/check-uk-visa/y/dominica/tourism",14
"/check-uk-visa/y/st-vincent-and-the-grenadines",9
"/check-uk-visa/y/gabon/study/longer_than_six_months",1
"/check-uk-visa/y/andorra/work",1
"/check-uk-visa/y/sao-tome-and-principe/study/longer_than_six_months",1
"/check-uk-visa/y/democratic-republic-of-congo/work",11
"/check-uk-visa/y/samoa",6
"/check-uk-visa/y/ghana/family",115
"/check-uk-visa/y/algeria/study/six_months_or_less",40
"/check-uk-visa/y/chad/tourism",7
"/check-uk-visa/y/anguilla/study/longer_than_six_months",1
"/check-uk-visa/y/cyprus-north/marriage",1
"/check-uk-visa/y/panama/tourism",26
"/check-uk-visa/y/burundi/tourism",4
"/check-uk-visa/y/iran/study/six_months_or_less",27
"/check-uk-visa/y/japan/study/longer_than_six_months",136
"/check-uk-visa/y/ghana/transit/no",33
"/check-uk-visa/y/tonga",7
"/check-uk-visa/y/macao/work",2
"/check-uk-visa/y/san-marino/work",1
"/check-uk-visa/y/bahamas/work",1
"/check-uk-visa/y/ecuador/study/six_months_or_less",8
"/check-uk-visa/y/iraq/school",2
"/check-uk-visa/y/ghanatransitvisa",1
"/check-uk-visa/y/peru/transit/no",12
"/check-uk-visa/y/indonesia/family",37
"/check-uk-visa/y/vietnam/marriage",18
"/check-uk-visa/y/kosovo/transit/yes",2
"/check-uk-visa/y/haiti",20
"/check-uk-visa/y/st-lucia/study/six_months_or_less",2
"/check-uk-visa/y/north-korea/transit/yes",1
"/check-uk-visa/y/syria/study/six_months_or_less",4
"/check-uk-visa/y/lebanon/work",94
"/check-uk-visa/y/nigeria/work/longer_than_6_months",2
"/check-uk-visa/y/cuba/marriage",3
"/check-uk-visa/y/equatorial-guinea/transit",1
"/check-uk-visa/y/burkina-faso/tourism",7
"/check-uk-visa/y/honduras/study",2
"/check-uk-visa/y/macao/family",1
"/check-uk-visa/y/australia/work/six_months_or_less",408
"/check-uk-visa/y/laos/work/six_months_or_less",2
"/check-uk-visa/y/cuba/work",11
"/check-uk-visa/y/central-african-republic/study/six_months_or_less",1
"/check-uk-visa/y/st-kitts-and-nevis/study/six_months_or_less",7
"/check-uk-visa/y/macao/study/six_months_or_less",7
"/check-uk-visa/y/nauru/work",2
"/check-uk-visa/y/st-kitts-and-nevis",27
"/check-uk-visa/y/venezuela/tourism",892
"/check-uk-visa/y/vietnam/school",12
"/check-uk-visa/y/honduras/work/six_months_or_less",4
"/check-uk-visa/y/mauritius/work/six_months_or_less",10
"/check-uk-visa/y/cambodia",28
"/check-uk-visa/y/tunisia/work",44
"/check-uk-visa/y/tanzania/marriage",4
"/check-uk-visa/y/togo/study",1
"/check-uk-visa/y/papua-new-guinea",2
"/check-uk-visa/y/armenia/transit/yes",5
"/check-uk-visa/y/armenia/work",5
"/check-uk-visa/y/luxembourg",4
"/check-uk-visa/y/albania/study/longer_than_six_months",17
"/print/check-uk-visa/y/canada/tourism",1
"/check-uk-visa/y/morocco/tourism",315
"/check-uk-visa/y/trinidad-and-tobago/work/six_months_or_less",10
"/check-uk-visa/y/bahamas/study",3
"/check-uk-visa/y/swaziland/work",1
"/check-uk-visa/y/seychelles/family",1
"/check-uk-visa/y/democratic-republic-of-congo/work/six_months_or_less",10
"/check-uk-visa/y/saudi-arabia/work/longer_than_six_months",24
"/check-uk-visa/y/lebanon/marriage",5
"/check-uk-visa/y/ghana/work",86
"/check-uk-visa/y/india/tourism",4010
"/check-uk-visa/y/afghanistan/work",57
"/check-uk-visa/y/taiwan/tourism",106
"/check-uk-visa/y/trinidad-and-tobago/work",10
"/check-uk-visa/y/denmark",52
"/check-uk-visa/y/australia/medical",2
"/print/check-uk-visa/y/india/transit/no",3
"/check-uk-visa/y/bahamas",10
"/check-uk-visa/y/kuwait/work",18
"/check-uk-visa/y/samoa/marriage",1
"/check-uk-visa/y/honduras",16
"/check-uk-visa/y/guyana/study/longer_than_six_months",3
"/check-uk-visa/y/sri-lanka",387
"/check-uk-visa/y/bermuda/work/six_months_or_less",1
"/check-uk-visa/y/mozambique/study/six_months_or_less",4
"/check-uk-visa/y/british-national-overseas/tourism",30
"/check-uk-visa/y/qatar/study/six_months_or_less",10
"/check-uk-visa/y/nigeria/medical",20
"/check-uk-visa/y/el-salvador",18
"/check-uk-visa/y/dominica/marriage",3
"/check-uk-visa/y/british-protected-person/medical",1
"/check-uk-visa/y/lebanon/work/longer_than_six_months",24
"/check-uk-visa/y/st-vincent-and-the-grenadines/work/six_months_or_less",1
"/check-uk-visa/y/usa/transit",76
"/check-uk-visa/y/uruguay/transit",1
"/check-uk-visa/y/sri-lanka/tourism",428
"/check-uk-visa/y/rwanda/family",3
"/check-uk-visa/y/zambia/family",8
"/check-uk-visa/y/malaysia/work/six_months_or_less",104
"/check-uk-visa/y/colombia/school",4
"/check-uk-visa/y/sao-tome-and-principe/tourism",5
"/check-uk-visa/y/cote-d-ivoire/study/longer_than_six_months",9
"/check-uk-visa/y/aruba",3
"/check-uk-visa/y/zimbabwe/study/six_months_or_less",12
"/check-uk-visa/y/libya/medical",1
"/check-uk-visa/y/jamaica/medical",4
"/check-uk-visa/y/south-korea/study/longer_than_six_months",84
"/check-uk-visa/y/kuwait/study/longer_than_six_months",4
"/check-uk-visa/y/malaysia/family",53
"/check-uk-visa/y/kenya/work/six_months_or_less",77
"/check-uk-visa/y/mozambique/tourism",28
"/check-uk-visa/y/libya/transit/yes",7
"/check-uk-visa/y/somalia/family",12
"/check-uk-visa/y/pakistan/work",239
"/check-uk-visa/y/vietnam/study",15
"/check-uk-visa/y/cambodia/study",1
"/check-uk-visa/y/marshall-islands/tourism",1
"/check-uk-visa/y/north-korea/tourism",6
"/check-uk-visa/y/south-georgia-and-south-sandwich-islands",2
"/check-uk-visa/y/el-salvador/study",1
"/check-uk-visa/y/libya/study",65
"/check-uk-visa/y/hong-kong-(british-national-overseas)/study/six_months_or_less",7
"/check-uk-visa/y/australia/work",578
"/check-uk-visa/y/new-zealand/work",240
"/check-uk-visa/y/trinidad-and-tobago/marriage",4
"/check-uk-visa/y/cyprus-north",10
"/check-uk-visa/y/senegal/transit",3
"/check-uk-visa/y/guatemala/work",4
"/check-uk-visa/y/british-virgin-islands/family",2
"/check-uk-visa/y/cyprus-north/work/longer_than_six_months",5
"/check-uk-visa/y/chile/work/six_months_or_less",28
"/check-uk-visa/y/benin/study",1
"/print/check-uk-visa/y/thailand/transit/yes",1
"/check-uk-visa/y/botswana/family",7
"/check-uk-visa/y/democratic-republic-of-congo/transit/yes",1
"/check-uk-visa/y/antigua-and-barbuda/work/longer_than_six_",3
"/check-uk-visa/y/usa/school",17
"/check-uk-visa/y/canada/study/longer_than_six_months",99
"/check-uk-visa/y/benin/work/six_months_or_less",2
"/check-uk-visa/y/cameroon/marriage",5
"/check-uk-visa/nigeria",1
"/check-uk-visa/y/madagascar/work/longer_than_six_months",2
"/check-uk-visa/y/guinea",16
"/check-uk-visa/y/kazakhstan/marriage",3
"/check-uk-visa/y\u200b",1
"/check-uk-visa/y/gambia/study/six_months_or_less",3
"/check-uk-visa/y/lebanon/study/longer_than_six_months",14
"/check-uk-visa/y/suriname",12
"/check-uk-visa/y/british-protected-person/tourism",13
"/check-uk-visa/y/paraguay/school",1
"/check-uk-visa/y/congo/work/longer_than_six_months",1
"/check-uk-visa/y/burma",46
"/check-uk-visa/y/botswana/work",7
"/check-uk-visa/y/brazil/school",4
"/check-uk-visa/y/china/transit/no",279
"/check-uk-visa/y/solomon-islands",3
"/check-uk-visa/y/south-africa/work/longer_than_six_months",280
"/check-uk-visa/y/sri-lanka/study",33
"/check-uk-visa/y/morocco/transit/no",4
"/check-uk-visa/y/south-korea/transit",1
"/check-uk-visa/y/guatemala/study/six_months_or_less",3
"/check-uk-visa/y/sudan/study",23
"/check-uk-visa/y/yemen/tourism",47
"/check-uk-visa/y/taiwan/transit/yes",4
"/check-uk-visa/y/iran/tourism",367
"/check-uk-visa/y/grenada/marriage",1
"/check-uk-visa/y/cote-d-ivoire/school",1
"/check-uk-visa/y/cameroon/work/six_months_or_less",40
"/check-uk-visa/y/singapore/transit",1
"/check-uk-visa/y/yemen/work",8
"/check-uk-visa/y/taiwan/school",2
"/check-uk-visa/y/thailand/study/longer_than_six_months",66
"/check-uk-visa/y/cote-d-ivoire/study",9
"/check-uk-visa/y/dominica/family",3
"/check-uk-visa/y/burma/study/six_months_or_less",5
"/check-uk-visa/y/tajikistan/transit",2
"/check-uk-visa/y/pakistanFollow",1
"/check-uk-visa/y/burkina-faso",7
"/check-uk-visa/y/cote-d-ivoire/tourism",69
"/check-uk-visa/y/st-vincent-and-the-grenadines/study/longer_than_six_months",1
"/check-uk-visa/y/macedonia/work",23
"/check-uk-visa/y/libya",187
"/check-uk-visa/y/botswana",53
"/check-uk-visa/y/laos/work",3
"/check-uk-visa/y/venezuela/study/six_months_or_less",121
"/check-uk-visa/y/chad/marriage",2
"/check-uk-visa/y/nigeria/transit",68
"/check-uk-visa/y/belarus/marriage",4
"/check-uk-visa/y/moldova",54
"/check-uk-visa/y/turkmenistan/tourism",10
"/check-uk-visa/y/russia/transit",61
"/check-uk-visa/y/namibia/transit",2
"/check-uk-visa/y/vatican-city/tourism",3
"/check-uk-visa/y/senegal/work/six_months_or_less",13
"/check-uk-visa/y/brunei/study/longer_than_six_months",3
"/check-uk-visa/y/laos/study/six_months_or_less",2
"/check-uk-visa/y/belarus",97
"/check-uk-visa/y/madagascar/work/six_months_or_less",3
"/check-uk-visa/y/albania/tourism",196
"/check-uk-visa/y/indonesia/transit/yes",30
"/check-uk-visa/y/sao-tome-and-principe",7
"/check-uk-visa/y/albania/work",32
"/check-uk-visa/y/bermuda/study/six_months_or_less",1
"/check-uk-visa/y/turkmenistan/work/six_months_or_less",2
"/check-uk-visa/y/oman/transit/yes",7
"/check-uk-visa/y/thailand/school",12
"/check-uk-visa/y/romania",108
"/check-uk-visa/y/colombia/study/six_months_or_lesshttp",1
"/check-uk-visa/y/dominican-republic/work",9
"/check-uk-visa/y/egypt/school",5
"/check-uk-visa/y/mali/work/six_months_or_less",1
"/check-uk-visa/y/cape-verde/family",2
"/check-uk-visa/y/the-occupied-palestinian-territories/work",3
"/check-uk-visa/y/nigeria/study",191
"/check-uk-visa/y/belarus/tourism",109
"/check-uk-visa/y/pakistan/tourism",1290
"/check-uk-visa/y/rwanda/work/six_months_or_less",11
"/check-uk-visa/y/andorra",5
"/check-uk-visa/y/japan/family",71
"/check-uk-visa/y/senegal/family",5
"/check-uk-visa/y/israel",65
"/check-uk-visa/y/malaysia/study/six_months_or_less",68
"/check-uk-visa/y/nicaragua",16
"/check-uk-visa/-checkifyouneedukvisa",1
"/check-uk-visa/y/bermuda/medical",2
"/print/check-uk-visa/y/kenya/transit/yes",1
"/check-uk-visa/y/antigua-and-barbuda/study/six_months_or_less",1
"/check-uk-visa/y/guinea-bissau/work",1
"/check-uk-visa/y/brazil/study/six_months_or_less",108
"/check-uk-visa/y/seychelles/study/longer_than_six_months",3
"/check-uk-visa/y/senegal/work",7
"/check-uk-visa/y/malawi/family",3
"/check-uk-visa/y/iraq/marriage",8
"/check-uk-visa/y/libya/work/longer_than_six_months",18
"/check-uk-visa/y/equatorial-guinea/work/six_months_or_less",2
"/check-uk-visa/y/bermuda/study/longer_than_six_months",1
"/check-uk-visa/y/azerbaijan/transit/yes",6
"/check-uk-visa/y/yemen/medical",1
"/check-uk-visa/y/cameroon/transit/yes",7
"/check-uk-visa/y/moldova/study/longer_than_six_months",5
"/check-uk-visa/y/philippines/transit/no",39
"/check-uk-visa/y/algeria/work",116
"/check-uk-visa/y/nicaragua/transit",3
"/check-uk-visa/y&usg=ALkJrhibRJs65k5vIm9zdj2JgK91qFSIkQ",1
"/check-uk-visa/y/british-virgin-islands/study/longer_than_six_months",3
"/check-uk-visa/y/zimbabwe/study",30
"/check-uk-visa/y/chile",119
"/check-uk-visa/y/thailand/transit",23
"/check-uk-visa/y/taiwan/work/six_months_or_less",43
"/check-uk-visa/y/saudi-arabia/work/six_months_or_less",96
"/check-uk-visa/y/kosovo/marriage",5
"/check-uk-visa/y/tanzania/study",7
"/check-uk-visa/y/venezuela/transit/no",83
"/check-uk-visa/y/liberia/transit/yes",2
"/check-uk-visa/y/vietnam/tourism",208
"/check-uk-visa/y/zimbabwe/tourism",219
"/check-uk-visa/y/ukraine/transit/yes",32
"/check-uk-visa/y/australia/study",98
"/check-uk-visa/y/algeria/transit/no",9
"/check-uk-visa/y/cote-d-ivoire/marriage",1
"/check-uk-visa/y/cambodia/work",7
"/check-uk-visa/y/tanzania/work/longer_than_six_months",4
"/check-uk-visa/y/cape-verde/transit/yes",1
"/check-uk-visa/y/netherlands",81
"/check-uk-visa/y/cape-verde/study/six_months_or_less",2
"/check-uk-visa/y/tunisia/work/six_months_or_less",64
"/check-uk-visa/y/new-zealand/transit",2
"/check-uk-visa/y/vanuatu",2
"/check-uk-visa/y/costa-rica/family",2
"/check-uk-visa/y/mauritius/work",15
"/check-uk-visa/y/st-kitts-and-nevis/work/six_months_or_less",4
"/check-uk-visa/y/turkmenistan/family",2
"/check-uk-visa/y/malawi/study/six_months_or_less",3
"/check-uk-visa/y/suriname/tourism",17
"/check-uk-visa/y/macedonia/work/six_months_or_less",26
"/check-uk-visa/y/georgia/work",6
"/check-uk-visa/y/armenia/study/longer_than_six_months",7
"/check-uk-visa/y/bahrain/study",18
"/check-uk-visa/y/malawi/school",1
"/check-uk-visa/y/kuwait/transit/yes",8
"/check-uk-visa/y/canada/work/six_months_or_less",285
"/check-uk-visa/y/burma/work",7
"/check-uk-visa/y/sudan/study/longer_than_six_months",11
"/check-uk-visa/y/philippines/family",304
"/check-uk-visa/y/nauru/work/six_months_or_less",1
"/check-uk-visa/y/guatemala/work/six_months_or_less",8
"/check-uk-visa/y/mauritius",88
"/check-uk-visa/arabic",365
"/check-uk-visa/y/senegal/transit/yes",2
"/check-uk-visa/y/sierra-leone/study/six_months_or_less",2
"/check-uk-visa/y/st-kitts-and-nevis/work/longer_than_six_months",5
"/check-uk-visa/y/somalia/work/longer_than_six_months",1
"/check-uk-visa/y/uruguay/study",4
"/check-uk-visa/y/seychelles/work/six_months_or_less",1
"/check-uk-visa/y/afghanistan/work/longer_than_six_months",47
"/check-uk-visa/y/sierra-leone/tourism",50
"/check-uk-visa/y/egypt/family",48
"/check-uk-visa/y/lebanon/transit",45
"/check-uk-visa/y/azerbaijan/work",18
"/check-uk-visa/y/suriname/work",1
"/check-uk-visa/y/british-overseas-citizen/marriage",4
"/check-uk-visa/y/egypt/work",189
"/check-uk-visa/y/algeria/work/longer_than_six_months",40
"/check-uk-visa/y/trinidad-and-tobago/transit",7
"/check-uk-visa/y/turks-and-caicos-islands/work/six_months_or_less",1
"/check-uk-visa/y/libya/study/longer_than_six_months",95
"/check-uk-visa/y/guyana/transit",5
"/check-uk-visa/y/united-arab-emirates/marriage",1
"/check-uk-visa/y/syria/medical",1
"/check-uk-visa/y/british-overseas-citizen/tourism",23
"/check-uk-visa/y/china/work/six_months_or_less",1728
"/check-uk-visa/y/jordan/study",21
"/check-uk-visa/y/azerbaijan/tourism",43
"/check-uk-visa/y/nepal/study/longer_than_six_months",14
"/check-uk-visa/y/st-kitts-and-nevis/tourism",23
"/check-uk-visa/y/vatican-city",4
"/check-uk-visa/y/oman/transit",8
"/check-uk-visa/y/bahrain/transit/yes",5
"/check-uk-visa/y/macao/study",5
"/check-uk-visa/y/sri-lanka/medical",4
"/check-uk-visa/y/bahrain/work",25
"/check-uk-visa/y/barbados/family",9
"/check-uk-visa/y/central-african-republic/work/six_months_or_less",2
"/check-uk-visa/y/macedonia/marriage",1
"/check-uk-visa/y/albania/medical",3
"/check-uk-visa/y/venezuela/transit",123
"/check-uk-visa/y/solomon-islands/tourism",3
"/check-uk-visa/y/benin",13
"/check-uk-visa/y/ethiopia/work",27
"/check-uk-visa/y/maldives/work/six_months_or_less",2
"/check-uk-visa/y/st-kitts-and-nevis/medical",2
"/check-uk-visa/y/qatar/transit/no",2
"/check-uk-visa/y/guatemala/study",3
"/check-uk-visa/y/kazakhstan/family",12
"/check-uk-visa/y/qatar/school",1
"/check-uk-visa/y/singapore/work",54
"/check-uk-visa/y/ghana/transit",40
"/check-uk-visa/y/fiji/work",13
"/check-uk-visa/y/armenia/tourism",39
"/check-uk-visa/y/north-korea/transit",1
"/check-uk-visa/y/hong-kong/family",33
"/check-uk-visa/y/uruguay/work/six_months_or_less",5
"/check-uk-visa/y/kazakhstan/transit/no",2
"/check-uk-visa/y/panama/work",3
"/check-uk-visa/registration",1
"/check-uk-visa/y/taiwan/marriage",17
"/check-uk-visa/y/colombia",612
"/check-uk-visa/y/mongolia/study",2
"/check-uk-visa/y/cape-verde/work/longer_than_six_months",1
"/check-uk-visa/y/singapore/study/longer_than_six_months",44
"/check-uk-visa/y/sudan/marriage",4
"/check-uk-visa/y/kenya/transit",32
"/check-uk-visa/y/mongolia/study/longer_than_six_months",1
"/check-uk-visa/y/uzbekistan/family",3
"/check-uk-visa/y/iraq/family",26
"/check-uk-visa/y/mongolia/family",5
"/check-uk-visa/y/laos/study/longer_than_six_months",4
"/check-uk-visa/y/taiwan/study",40
"/check-uk-visa/y/armenia/study",3
"/check-uk-visa/y/morocco",312
"/check-uk-visa/y/rwanda/transit/yes",1
"/check-uk-visa/y/fiji",51
"/check-uk-visa/y/turks-and-caicos-islands/tourism",1
"/check-uk-visa/y/gabon/work/longer_than_six_months",1
"/check-uk-visa/y/turkey/work/longer_than_six_months",102
"/check-uk-visa/y/fiji/work/longer_than_six_months",2
"/check-uk-visa/y/yemen/study/six_months_or_less",5
"/check-uk-visa/y/british-overseas-citizen/study",17
"/check-uk-visa/y/lebanon/study/six_months_or_less",15
"/check-uk-visa/y/zimbabwe/family",73
"/check-uk-visa/y/the-occupied-palestinian-territories/study",4
"/check-uk-visa/y/bhutan",5
"/check-uk-visa/y/el-salvador/family",4
"/check-uk-visa/y/grenada/work/longer_than_six_months",1
"/check-uk-visa/y/eritrea",30
"/check-uk-visa/y/bahrain/work/six_months_or_less",26
"/check-uk-visa/y/belize/work/six_months_or_less",2
"/check-uk-visa/y/st-lucia",11
"/check-uk-visa/y/macao/study/longer_than_six_months",7
"/check-uk-visa/y/costa-rica/work/longer_than_six_months",5
"/check-uk-visa/y/madagascar/marriage",2
"/check-uk-visa/y/burkina-faso/work",2
"/check-uk-visa/y/albania/transit/no",5
"/check-uk-visa/y/burundi/work/six_months_or_less",2
"/check-uk-visa/y/serbia/study",12
"/check-uk-visa/y/argentina/work/six_months_or_less",53
"/check-uk-visa/y/bermuda/tourism",3
"/check-uk-visa/y/azerbaijan/study/six_months_or_less",8
"/check-uk-visa/y/saudi-arabia/tourism",722
"/check-uk-visa/y/oman/family",3
"/check-uk-visa/y/sudan/transit/no",1
"/check-uk-visa/y/turkey/marriage",23
"/check-uk-visa/y/anguilla",5
"/check-uk-visa/y/azerbaijan/marriage",1
"/check-uk-visa/y/brazil/transit",12
"/check-uk-visa/y/democratic-republic-of-congo/transit",2
"/check-uk-visa/y/usa/work/longer_than_six_months",620
"/check-uk-visa/y/malaysia/work",93
"/check-uk-visa/y/ethiopia/transit",7
"/check-uk-visa/y/mauritius/family",18
"/check-uk-visa/y/maldives/study",1
"/check-uk-visa/y/iraq/transit",6
"/check-uk-visa/y/iran/transit",14
"/check-uk-visa/y/barbados/work/six_months_or_less",12
"/check-uk-visa/y/usa/study/six_months_or_less",362
"/check-uk-visa/y/haiti/study/longer_than_six_months",2
"/check-uk-visa/y/rwanda/study/six_months_or_less",2
"/check-uk-visa/y/kenya/school",9
"/check-uk-visa/y/saudi-arabia/transit",20
"/check-uk-visa/y/iraq/study",27
"/check-uk-visa/y/thailand",866
"/check-uk-visa/y/grenada/work",4
"/check-uk-visa/y/guatemala/study/longer_than_six_months",1
"/check-uk-visa/y/el-salvador/work/six_months_or_less",5
"/check-uk-visa/y/jamaica/tourism",360
"/check-uk-visa/y/armenia",47
"/check-uk-visa/y/azerbaijan/work/longer_than_six_months",2
"/check-uk-visa/y/uganda/marriage",2
"/check-uk-visa/y/iraq/transit/yes",5
"/check-uk-visa/y/india/medical",21
"/check-uk-visa/y/eritrea/school",1
"/check-uk-visa/y/zambia/study/six_months_or_less",4
"/check-uk-visa/y/india/family",558
"/check-uk-visa/y/canada",585
"/check-uk-visa/y/lebanon",471
"/check-uk-visa/y/kenya/work/longer_than_six_months",37
"/check-uk-visa/y/nigeria/family",190
"/check-uk-visa/y/anguilla/tourism",2
"/check-uk-visa/y/djibouti/work",1
"/check-uk-visa/y/uganda/medical",1
"/check-uk-visa/y/serbia",198
"/check-uk-visa/y/kenya/family",48
"/check-uk-visa/y/british-dependent-territories-citizen/study/longer_than_six_months",6
"/check-uk-visa/y/senegal",56
"/check-uk-visa/y/tunisia/marriage",28
"/check-uk-visa/y/the-occupied-palestinian-territories/study/longer_than_six_months",2
"/check-uk-visa/y/mongolia/medical",1
"/check-uk-visa/y/el-salvador/tourism",32
"/check-uk-visa/y/tanzania/tourism",88
"/check-uk-visa/y/bahrain/study/longer_than_six_months",11
"/check-uk-visa/y/guinea/marriage",2
"/check-uk-visa/y/russia/transit/yes",97
"/check-uk-visa/y/pakistan/marriage",178
"/check-uk-visa/y/tajikistan/study",2
"/check-uk-visa/y/british-protected-person/work/six_months_or_less",1
"/check-uk-visa/y/oman/study/longer_than_six_months",14
"/check-uk-visa/y/colombia/transit/yes",50
"/check-uk-visa/y/brazil/tourism",292
"/check-uk-visa/y/singapore/work/six_months_or_less",67
"/check-uk-visa/y/british-protected-person/marriage",3
"/check-uk-visa/y/zambia",94
"/check-uk-visa/y/comoros",11
"/check-uk-visa/y/malawi/work",7
"/check-uk-visa/y/colombia/tourism",603
"/check-uk-visa/y/cameroon/work",29
"/check-uk-visa/y/bosnia-and-herzegovina/transit",1
"/check-uk-visa/y/peru/marriage",9
"/check-uk-visa/y/afghanistan/tourism",305
"/check-uk-visa/y/moldova/marriage",1
"/check-uk-visa/y/madagascar/work",3
"/check-uk-visa/y/qatar/transit",5
"/check-uk-visa/y/turks-and-caicos-islands/work/longer_than_six_months",1
"/check-uk-visa/y/central-african-republic",2
"/check-uk-visa/y/pakistan/work/six_months_or_less",174
"/check-uk-visa/philippines",1
"/check-uk-visa/y/uganda/tourism",111
"/check-uk-visa/y/peru/tourism",292
"/check-uk-visa/y/barbados/work/longer_than_six_months",17
"/check-uk-visa/y/papua-new-guinea/tourism",5
"/check-uk-visa/y/rwanda/work",5
"/check-uk-visa/y/lebanon/work/six_months_or_less",98
"/check-uk-visa/y/united-arab-emirates/transit/yes",3
"/check-uk-visa/y/serbia/study/six_months_or_less",18
"/check-uk-visa/y/costa-rica",26
"/check-uk-visa/y/canada/tourism",344
"/check-uk-visa/y/laos/tourism",8
"/check-uk-visa/y/philippines/study/six_months_or_less",18
"/check-uk-visa/y/china/study",1358
"/check-uk-visa/y/south-africa/work/six_months_or_less",538
"/check-uk-visa/y/cambodia/work/six_months_or_less",16
"/check-uk-visa/y/mexico/transit",16
"/check-uk-visa/y/swaziland/transit/no",1
"/check-uk-visa/y/kuwait/work/six_months_or_less",14
"/check-uk-visa/y/bolivia/study/six_months_or_less",5
"/print/check-uk-visa/y/australia/tourism",1
"/check-uk-visa/y/pakistan/study/six_months_or_less",57
"/check-uk-visa/y/peru/work/six_months_or_less",43
"/check-uk-visa/y/british-virgin-islands",26
"/check-uk-visa/y/guinea-bissau/study/six_months_or_less",1
"/check-uk-visa/y/honduras/study/six_months_or_less",4
"/check-uk-visa/y/sri-lanka/marriage",18
"/check-uk-visa/y/angola/study",23
"/check-uk-visa/y/united-arab-emirates/tourism",176
"/check-uk-visa/y/saudi-arabia/study/longer_than_six_months",79
"/check-uk-visa/y/st-vincent-and-the-grenadines/work/longer_than_six_months",1
"/check-uk-visa/y/belize/medical",1
"/check-uk-visa/y/nepal/work/longer_than_six_months",21
"/check-uk-visa/y/ukraine/school",5
"/check-uk-visa/y/hong-kong-(british-national-overseas)",44
"/check-uk-visa/y/turks-and-caicos-islands/study",1
"/check-uk-visa/y/bahrain/medical",4
"/check-uk-visa/y/cyprus-north/tourism",8
"/check-uk-visa/y/rwanda/work/longer_than_six_months",1
"/check-uk-visa/y/sudan/work/six_months_or_less",27
"/check-uk-visa/y/bangladesh/work/longer_than_six_months",51
"/check-uk-visa/y/djibouti",4
"/check-uk-visa/y/kosovo/family",4
"/check-uk-visa/y/panama",15
"/check-uk-visa/y/democratic-republic-of-congo/transit/no",2
"/check-uk-visa/y/albania/transit/yes",7
"/check-uk-visa/y/st-lucia/family",6
"/check-uk-visa/y/jamaica",353
"/check-uk-visa/y/fiji/transit/no",1
"/check-uk-visa/y/mozambique/study",4
"/check-uk-visa/y/india/transit",819
"/check-uk-visa/y/russia/study/six_months_or_less",259
"/check-uk-visa/y/philippines/study",26
"/check-uk-visa/y/dominican-republic/family",15
"/check-uk-visa/y/tonga/family",4
"/check-uk-visa/y/moldova/transit/no",3
"/check-uk-visa/y/israel/study",11
"/check-uk-visa/y/canada/family",97
"/check-uk-visa/y/israel/family",19
"/check-uk-visa/y/barbados/medical",1
"/check-uk-visa/y/el-salvador/study/six_months_or_less",6
"/check-uk-visa/y/nicaragua/study/six_months_or_less",1
"/check-uk-visa/y/colombia/study/longer_than_six_months",67
"/check-uk-visa/y/honduras/family",1
"/check-uk-visa/y/south-korea/study/six_months_or_less",50
"/check-uk-visa/y/bolivia/work/six_months_or_less",13
"/check-uk-visa/y/mali",6
"/check-uk-visa/y/lebanon/tourism",373
"/check-uk-visa/y/kyrgyzstan/tourism",22
"/check-uk-visa/y/ecuador/school",2
"/check-uk-visa/y/cameroon/study/six_months_or_less",10
"/check-uk-visa/y/cote-d-ivoire/medical",1
"/check-uk-visa/y/zimbabwe/medical",2
"/check-uk-visa/y/pakistan/medical",19
"/check-uk-visa/y/united-arab-emirates/study/longer_than_six_months",4
"/check-uk-visa/y/cote-d-ivoire/transit/yes",1
"/check-uk-visa/y/sudan",176
"/check-uk-visa/y/bhutan/work/six_months_or_less",1
"/check-uk-visa/y/cameroon/study",11
"/check-uk-visa/y/south-korea/school",1
"/check-uk-visa/y/bolivia/transit/yes",5
"/check-uk-visa/y/liberia/tourism",13
"/check-uk-visa/y/st-kitts-and-nevis/study/longer_than_six_months",5
"/check-uk-visa/y/vatican-city/work",1
"/check-uk-visa/y/tajikistan/work",1
"/check-uk-visa/y/british-national-overseas/family",17
"/check-uk-visa/y/zimbabwe/transit/yes",13
"/check-uk-visa/y/mali/work/longer_than_six_months",1
"/check-uk-visa/y/barbados/tourism",16
"/check-uk-visa/y/morocco/work/six_months_or_less",94
"/check-uk-visa/y/sudan/family",20
"/check-uk-visa/y/ukraine/tourism",438
"/check-uk-visa/y/malaysia/transit",6
"/check-uk-visa/y/somalia/transit",1
"/check-uk-visa/y/namibia",25
"/check-uk-visa/y/british-overseas-citizen/work/longer_than_six_months",20
"/check-uk-visa/y/ukraine/family",86
"/check-uk-visa/y/british-overseas-citizen",73
"/check-uk-visa/y/uganda/transit",4
"/check-uk-visa/y/israel/work",16
"/check-uk-visa/y/dominican-republic/study/six_months_or_less",10
"/check-uk-visa/y/malawi/transit/no",2
"/check-uk-visa/y/honduras/study/longer_than_six_months",1
"/check-uk-visa/y/egypt",691
"/check-uk-visa/y/ukraine",427
"/check-uk-visa/y/ghana",693
"/check-uk-visa/y/nigeria/study/six_months_or_less",77
"/check-uk-visa/y/burma/work/six_months_or_less",5
"/check-uk-visa/y/vanuatu/work/six_months_or_less",1
"/check-uk-visa/y/comoros/tourism",3
"/check-uk-visa/y/jordan/transit",20
"/check-uk-visa/y/iran/study",29
"/check-uk-visa/y/kosovo/work",5
"/check-uk-visa/y/taiwan",156
"/check-uk-visa/y/angola/medical",5
"/check-uk-visa/y/jamaica/study/longer_than_six_months",17
"/check-uk-visa/y/moldova/work/six_months_or_less",13
"/check-uk-visa/y/guyana/school",1
"/check-uk-visa/y/british-virgin-islands/work/longer_than_six_months",7
"/check-uk-visa/y/ethiopia/work/longer_than_six_months",12
"/check-uk-visa/y/Zimbabwe/marriage",2
"/check-uk-visa/y/usa/marriageYou\u2019llneedavisatocometotheUK",1
"/check-uk-visa/y/moldova/work",10
"/check-uk-visa/y/namibia/study/longer_than_six_months",5
"/check-uk-visa/y/trinidad-and-tobago/family",3
"/check-uk-visa/y/jordan/marriage",8
"/check-uk-visa/y/hong-kong/study/longer_than_six_months",88
"/check-uk-visa/y/malaysia/school",6
"/check-uk-visa/y/azerbaijan/work/six_months_or_less",27
"/check-uk-visa/y/south-korea/family",30
"/check-uk-visa/y/moldova/tourism",54
"/check-uk-visa/y/burkina-faso/work/six_months_or_less",3
"/check-uk-visa/y/ethiopia/study/six_months_or_less",12
"/check-uk-visa/y/uzbekistan/transit/yes",7
"/check-uk-visa/y/senegal/study",8
"/check-uk-visa/y/pitcairn-island",1
"/check-uk-visa/y/ecuador/transit",9
"/check-uk-visa/y/qatar/work/six_months_or_less",16
"/check-uk-visa/y/uruguay/study/longer_than_six_months",2
"/check-uk-visa/y/afghanistan/school",9
"/check-uk-visa/y/dominica/work/longer_than_six_months",1
"/check-uk-visa/y/aruba/family",1
"/check-uk-visa/y/jordan/work/longer_than_six_months",19
"/check-uk-visa/y/haiti/work",2
"/check-uk-visa/y/venezuela/work/six_months_or_less",113
"/check-uk-visa/y/liberia/study/longer_than_six_months",1
"/check-uk-visa/y/aruba/tourism",1
"/check-uk-visa/y/usa/tourism",1651
"/check-uk-visa/y/peru/work/longer_than_six_months",12
"/check-uk-visa/y/british-dependent-territories-citizen/work/longer_than_six_months",1
"/check-uk-visa/y/congo/work/six_months_or_less",5
"/check-uk-visa/y/angola/study/longer_than_six_months",5
"/check-uk-visa/y/ecuador/medical",1
"/check-uk-visa/y/guyana",62
"/check-uk-visa/y/angola/study/six_months_or_less",21
"/check-uk-visa/y/new-zealand/marriage",12
"/check-uk-visa/y/antigua-and-barbuda/tourism",2
"/check-uk-visa/y/british-protected-person/work",5
"/check-uk-visa/yW",1
"/check-uk-visa/y/afghan/work/longer_than_six_months",1
"/check-uk-visa/y/iran/school",14
"/check-uk-visa/y/canada/medical",4
"/check-uk-visa/y/sweden",51
"/check-uk-visa/y/zambia/marriage",1
"/check-uk-visa/y/ireland",72
"/check-uk-visa/y/ukraine/study/longer_than_six_months",22
"/check-uk-visa/y/ukraine/marriage",46
"/check-uk-visa/y/uzbekistan/study/six_months_or_less",3
"/check-uk-visa/y/yemen/transit/yes",2
"/check-uk-visa/y/argentina/study",19
"/check-uk-visa/y/japan/work/six_months_or_less",106
"/check-uk-visa/y/peru/transit/yes",15
"/check-uk-visa/y/mozambique/transit",3
"/check-uk-visa/y/uganda/work/six_months_or_less",47
"/check-uk-visa/y/venzuela",1
"/check-uk-visa/y/costa-rica/work/six_months_or_less",10
"/check-uk-visa/y/st-vincent-and-the-grenadines/work",2
"/check-uk-visa/y/papua-new-guinea/work",2
"/check-uk-visa/y/bangladesh/family",98
"/check-uk-visa/y/serbia/study/longer_than_six_months",6
"/check-uk-visa/y/egypt/work/six_months_or_less",196
"/check-uk-visa/y/honduras/marriage",1
"/check-uk-visa/y/new-zealand",355
"/check-uk-visa/y/egypt/marriage",24
"/check-uk-visa/y/russia/work/six_months_or_less",356
"/check-uk-visa/y/venezuela",692
"/check-uk-visa/y/north-korea",7
"/check-uk-visa/y/ethiopia/transit/yes",3
"/check-uk-visa/y/senegal/transit/no",2
"/check-uk-visa/y/south-sudan/tourism",10
"/check-uk-visa/y/uzbekistan/study",9
"/check-uk-visa/y/zimbabwe/transit",9
"/check-uk-visa/y/macedonia/transit/yes",4
"/check-uk-visa/y/liechtenstein",3
"/check-uk-visa/y/jamaica/transit/no",15
"/check-uk-visa/y/british-virgin-islands/work",10
"/check-uk-visa/y/guatemala/family",3
"/check-uk-visa/y/nepal/transit",5
"/check-uk-visa/y/united-arab-emirates/school",2
"/check-uk-visa/y/iran/family",48
"/check-uk-visa/y/vietnam/work/longer_than_six_months",11
"/check-uk-visa/y/south-korea",265
"/check-uk-visa/y/bosnia-and-herzegovina",59
"/check-uk-visa/y/bahamas/study/longer_than_six_months",4
"/check-uk-visa/y/afghanistan/study/six_months_or_less",30
"/check-uk-visa/y/serbia/work/longer_than_six_months",22
"/check-uk-visa/y/dominican-republic",87
"/check-uk-visa/y/morocco/school",3
"/check-uk-visa/y/sao-tome-and-principe/study",1
"/check-uk-visa/y/ukraine/work",93
"/check-uk-visa/y/israel/study/six_months_or_less",12
"/check-uk-visa/y/belize/work",3
"/check-uk-visa/y/st-lucia/study/longer_than_six_months",5
"/check-uk-visa/y/turkmenistan",11
"/check-uk-visa/y/falkland-islands/work",1
"/check-uk-visa/y/barbados/study/six_months_or_less",7
"/check-uk-visa/y/fiji/family",19
"/check-uk-visa/y/venezuela/work",96
"/check-uk-visa/y/liberia",26
"/check-uk-visa/y/austria",28
"/check-uk-visa/y/poland",60
"/check-uk-visa/y/macedonia/tourism",76
"/check-uk-visa/y/bolivia/tourism",82
"/check-uk-visa/y/timor-leste/work",7
"/check-uk-visa/y/afghanistan/study/longer_than_six_months",48
"/check-uk-visa/y/guyana/transit/no",1
"/check-uk-visa/y/costa-rica/study",3
"/check-uk-visa/y/usa/return",2
"/check-uk-visa/y/jordan/work/six_months_or_less",54
"/check-uk-visa/y/malaysia/study/longer_than_six_months",77
"/check-uk-visa/y/usa/work/six_months_or_less",1004
"/check-uk-visa/y/lebanon/school",4
"/check-uk-visa/y/kyrgyzstan/study/longer_than_six_months",1
"/check-uk-visa/y/armenia/work/six_months_or_less",17
"/check-uk-visa/y/antigua-and-barbuda/work/longer_than_six_months",7
"/check-uk-visa/y/bangladesh/work/six_months_or_less",50
"/check-uk-visa/y/st-lucia/work/six_months_or_less",5
"/check-uk-visa/y/belize",17
"/check-uk-visa/y/turkey",923
"/check-uk-visa/y/mozambique/work/longer_than_six_months",1
"/check-uk-visa/y/vietnam/study/six_months_or_less",22
"/check-uk-visa/y/jamaica/marriage",38
"/check-uk-visa/y/dominican-republic/study",4
"/check-uk-visa/y/mali/family",2
"/check-uk-visa/y/liberia/medical",1
"/check-uk-visa/y/hong-kong/work",74
"/check-uk-visa/y/algeria/transit/yes",8
"/check-uk-visa/y/bahamas/family",1
"/check-uk-visa/y/australia/school",2
"/check-uk-visa/cn",1
"/check-uk-visa/y/lesotho/transit/no",1
"/check-uk-visa/y/guatemala",19
"/check-uk-visa/y/colombia/work/longer_than_six_months",29
"/check-uk-visa/y/mauritius/school",2
"/check-uk-visa/y/kazakhstan/medical",1
"/check-uk-visa/y/argentina/work",45
"/check-uk-visa/y/egypt/study/six_months_or_less",56
"/check-uk-visa/y/nigeria/work/six_months_or_less",140
"/check-uk-visa/y/congo/tourism",36
"/check-uk-visa/y/angola/family",6
"/check-uk-visa/y/montenegro/work",5
"/check-uk-visa/y/lesotho/work",4
"/check-uk-visa/y/brunei/work/longer_than_six_months",1
"/check-uk-visa/y/bangladesh/study/six_months_or_less",25
"/check-uk-visa/y/morocco/medical",2
"/check-uk-visa/y/falkland-islands/family",1
"/check-uk-visa/y/hong-kong-(british-national-overseas)/work",13
"/check-uk-visa/y/yemen/work/longer_than_six_months",4
"/check-uk-visa/y/guinea/study",1
"/check-uk-visa/y/usa/family",436
"/check-uk-visa/y/kyrgyzstan",24
"/check-uk-visa/y/switzerland",93
"/check-uk-visa/y/malawi/work/longer_than_six_months",1
"/check-uk-visa/y/ethiopia/transit/no",6
"/check-uk-visa/y/mauritius/tourism",49
"/check-uk-visa/y/st-lucia/medical",1
"/check-uk-visa/y/hong-kong/school",6
"/check-uk-visa/y/brazil/family",91
"/check-uk-visa/y/canada/school",3
"/check-uk-visa/y/gambia/study/longer_than_six_months",1
"/check-uk-visa/y/saudi-arabia/study",129
"/check-uk-visa/y/togo/family",3
"/check-uk-visa/y/grenada/tourism",10
"/check-uk-visa/y/uruguay/marriage",2
"/check-uk-visa/y/venezuela/family",38
"/check-uk-visa/y/british-overseas-citizen/school",1
"/check-uk-visa/y/united-arab-emirates",187
"/check-uk-visa/y/bermuda/family",1
"/check-uk-visa/y/micronesia/tourism",1
"/check-uk-visa/y/egypt/study/longer_than_six_months",30
"/check-uk-visa/y/brazil",333
"/check-uk-visa/y/madagascar",17
"/check-uk-visa/y/argentina/tourism",160
"/check-uk-visa/y/british-dependent-territories-citizen",29
"/check-uk-visa/y/senegal/study/longer_than_six_months",8
"/check-uk-visa/y/bolivia/work",10
"/check-uk-visa/y/costa-rica/work",9
"/check-uk-visa/y/bangladesh",452
"/check-uk-visa/y/dominican-republic/marriage",5
"/check-uk-visa/y/chile/work",29
"/check-uk-visa/y/pakistan/transit/no",52
"/check-uk-visa/y/kazakhstan/study/longer_than_six_months",19
"/check-uk-visa/y/algeria/tourism",417
"/check-uk-visa/node/25",1
"/check-uk-visa/y/tanzania/transit/no",2
"/check-uk-visa/y/laos/study",1
"/check-uk-visa/y/venezuela/transit/yes",127
"/check-uk-visa/y/sri-lanka/school",17
"/check-uk-visa/y/peru",272
"/check-uk-visa/y/italy",148
"/check-uk-visa/y/antigua-and-barbuda",5
"/check-uk-visa/y/venezuela/work/longer_than_six_months",47
"/check-uk-visa/y/iraq/work/longer_than_six_months",9
"/check-uk-visa/y/jamaica/work/six_months_or_less",33
"/check-uk-visa/y/fiji/tourism",46
"/check-uk-visa/y/uganda",142
"/check-uk-visa/y/thailand/family",116
"/check-uk-visa/y/seychelles/tourism",12
"/check-uk-visa/y/eritrea/work/longer_than_six_months",1
"/check-uk-visa/y/united-arab-emirates/medical",14
"/check-uk-visa/y/nigeria/work/longer_than_six_months",111
"/check-uk-visa/y/finland",16
"/check-uk-visa/y/mongolia/transit/no",2
"/check-uk-visa/y/georgia/study/longer_than_six_months",4
"/check-uk-visa/y/bangladesh/marriage",27
"/check-uk-visa/y/british-national-overseas",95
"/check-uk-visa/y/armenia/study/six_months_or_less",7
"/check-uk-visa/y/egypt/tourism",556
"/check-uk-visa/y/canada/work",273
"/check-uk-visa/y/dominican-republic/transit/no",1
"/check-uk-visa/y/brazil/study/longer_than_six_months",106
"/check-uk-visa/y/tanzania/school",3
"/check-uk-visa/y/slovenia",16
"/check-uk-visa/y/belarus/work/six_months_or_less",32
"/check-uk-visa/y/belarus/transit/no",4
"/check-uk-visa/y/paraguay/tourism",15
"/check-uk-visa/y/cote-d-ivoire/study/six_months_or_less",8
"/check-uk-visa/y/somalia/marriage",2
"/check-uk-visa/y/montenegro/transit",3
"/check-uk-visa/y/equatorial-guinea",6
"/check-uk-visa/y/united-arab-emirates/work/longer_than_six_months",7
"/check-uk-visa/y/eritrea/family",10
"/check-uk-visa/y/bolivia",71
"/check-uk-visa/y/egypt/transit",49
"/check-uk-visa/y/cyprus-north/study/longer_than_six_months",1
"/check-uk-visa/y/samoa/study",1
"/check-uk-visa/y/montenegro/study/longer_than_six_months",2
"/check-uk-visa/yV\u0130ZE",1
"/check-uk-visa/y/czech-republic",30
"/check-uk-visa/y/kazakhstan/work",79
"/check-uk-visa/y/venezuela/medical",1
"/check-uk-visa/y/bahamas/work/six_months_or_less",2
"/check-uk-visa/y/new-zealand/study",11
"/check-uk-visa/y/namibia/work/six_months_or_less",5
"/check-uk-visa/y/ukraine/medical",4
"/check-uk-visa/y/ecuador/work/six_months_or_less",20
"/check-uk-visa/y/tanzania",107
"/check-uk-visa/y/honduras/transit",4
"/check-uk-visa/y/bulgaria",62
"/check-uk-visa/y/iran/work/longer_than_six_months",26
"/check-uk-visa/y/madagascar/study/six_months_or_less",1
"/check-uk-visa/y/russia/tourism",1245
"/check-uk-visa/y/indonesia/tourism",417
"/check-uk-visa/y/congo/study/six_months_or_less",3
"/check-uk-visa/y/benin/transit/yes",3
"/check-uk-visa/y/cayman-islands/tourism",6
"/check-uk-visa/y/uzbekistan/work",6
"/check-uk-visa/y/iran/transit/no",32
"/check-uk-visa/y/canada/study/six_months_or_less",108
"/check-uk-visa/y/ecuador/study",10
"/check-uk-visa/y/japan/marriage",24
"/check-uk-visa/y/panama/study",3
"/check-uk-visa/y/kiribati/tourism",1
"/check-uk-visa/y/falkland-islands",1
"/check-uk-visa/y/sudan/transit",3
"/check-uk-visa/y/guinea/family",6
"/check-uk-visa/y/armenia/family",6
"/check-uk-visa/y/angola/transit/yes",3
"/check-uk-visa/y/tanzania/study/longer_than_six_months",9
"/check-uk-visa/y/solomon-islands/transit",1
"/check-uk-visa/y/ethiopia/study/longer_than_six_months",12
"/check-uk-visa/y/sudan/medical",2
"/check-uk-visa/y/hong-kong-(british-national-overseas)/work/longer_than_six_months",13
"/check-uk-visa/y/kuwait/marriage",2
"/check-uk-visa/y/congo/work",6
"/check-uk-visa/y/new-zealand/work/six_months_or_less",106
"/check-uk-visa/y/qatar/family",4
"/check-uk-visa/y/comoros/study/longer_than_six_months",1
"/check-uk-visa/y/botswana/study",7
"/check-uk-visa/y/israel/work/six_months_or_less",31
"/check-uk-visa/y/pakistan",1328
"/check-uk-visa/y/jordan",229
"/check-uk-visa/y/niger",3
"/check-uk-visa/y/lithuania",30
"/check-uk-visa/y/mexico/family",38
"/check-uk-visa/y/namibia/work",3
"/check-uk-visa/y/british-national-overseas/work/six_months_or_less",10
"/check-uk-visa/y/morocco/work/longer_than_six_months",31
"/check-uk-visa/y/afghanistan/work/six_months_or_less",29
"/check-uk-visa/y/georgia/study",8
"/print/check-uk-visa/y/south-africa/tourism",1
"/check-uk-visa/y/guinea-bissau",11
"/check-uk-visa/y/belarus/work",23
"/check-uk-visa/y/australia/marriage",69
"/check-uk-visa/y/the-occupied-palestinian-territories/transit",2
"/check-uk-visa/y/argentina/transit",6
"/check-uk-visa/y/south-sudan/study/six_months_or_less",1
"/check-uk-visa/y/peru/study",37
"/check-uk-visa/y/cuba/study",2
"/check-uk-visa/y/united-arab-emirates/work/six_months_or_less",28
"/check-uk-visa/y/sierra-leone/family",13
"/check-uk-visa/y/united-arab-emirates/transit",4
"/check-uk-visa/y/kazakhstan/transit/yes",12
"/check-uk-visa/y/china/transit",229
"/check-uk-visa/y/oman/transit/no",3
"/check-uk-visa/y/guyana/marriage",2
"/check-uk-visa/y/liberia/transit",2
"/check-uk-visa/y/kenya",412
"/check-uk-visa/y/sri-lanka/family",61
"/check-uk-visa/y/colombia/work/six_months_or_less",123
"/check-uk-visa/y/djibouti/tourism",2
"/check-uk-visa/y/tunisia/study/six_months_or_less",17
"/check-uk-visa/y/el-salvador/work/longer_than_six_months",4
"/check-uk-visa/y/guinea-bissau/family",3
"/check-uk-visa/y/costa-rica/study/six_months_or_less",4
"/check-uk-visa/v/china",10
"/check-uk-visa/y/sierra-leone/marriage",4
"/check-uk-visa/y/paraguay/work/longer_than_six_months",3
"/check-uk-visa/y/dominica/work",1
"/check-uk-visa/usa",2
"/check-uk-visa/y/ethiopia/family",13
"/check-uk-visa/y/azerbaijan/family",6
"/check-uk-visa/y/macao/marriage",1
"/check-uk-visa/y/togo/study/six_months_or_less",4
"/check-uk-visa/y/montenegro/work/six_months_or_less",9
"/check-uk-visa/y/libya/study/six_months_or_less",25
"/check-uk-visa/y/ghana/school",7
"/check-uk-visa/y/sierra-leone/transit",1
"/check-uk-visa/y/bosnia-and-herzegovina/study",7
"/check-uk-visa/y/equatorial-guinea/tourism",3
"/check-uk-visa/y/turkey/family",58
"/check-uk-visa/y/georgia/study/six_months_or_less",7
"/check-uk-visa/y/tunisia/tourism",126
"/check-uk-visa/y/solomon-islands/work/longer_than_six_months",1
"/check-uk-visa/y/uganda/study/six_months_or_less",14
"/check-uk-visa/y/st-vincent-and-the-grenadines/family",2
"/check-uk-visa/y/burma/study/longer_than_six_months",1
"/check-uk-visa/y/british-virgin-islands/transit",1
"/check-uk-visa/y/cambodia/family",2
"/check-uk-visa/y/malaysia/marriage",18
"/check-uk-visa/y/st-kitts-and-nevis/marriage",1
"/check-uk-visa/y/zambia/study",11
"/check-uk-visa/y/ghana/tourism",587
"/check-uk-visa/y/guinea-bissau/work/longer_than_six_months",1
"/check-uk-visa/y/uzbekistan/tourism",35
"/check-uk-visa/y/chile/study",37
"/check-uk-visa/y/singapore/family",34
"/check-uk-visa/y/belize/work/longer_than_six_months",3
"/check-uk-visa/y/mexico/study",59
"/check-uk-visa/y/ghana/transit/yes",39
"/check-uk-visa/y/monaco/tourism",2
"/check-uk-visa/y/guinea-bissau/work/six_months_or_less",1
"/check-uk-visa/y/cuba/work/six_months_or_less",5
"/check-uk-visa/y/st-lucia/work",4
"/check-uk-visa/y/timor-leste",10
"/check-uk-visa/y/tunisia/transit/yes",2
"/check-uk-visa/y/tanzania/family",14
"/check-uk-visa/y/zimbabwe/study/longer_than_six_months",18
"/check-uk-visa/y/gabon/tourism",8
"/check-uk-visa/y/macao/tourism",15
"/check-uk-visa/y/mozambique/transit/no",1
"/check-uk-visa/y/sierra-leone/school",1
"/check-uk-visa/y/benin/work/longer_than_six_months",1
"/check-uk-visa/y/singapore",174
"/check-uk-visa/y/iran/transit/r",2
"/check-uk-visa/y/afghanistan/marriage",18
"/check-uk-visa/y/bahrain/transit/no",1
"/check-uk-visa/y/malawi",58
"/check-uk-visa/y/brunei/work",2
"/check-uk-visa/y/british-national-overseas/study",20
"/check-uk-visa/y/mauritius/work/longer_than_six_months",13
"/check-uk-visa/y/zimbabwe/work/six_months_or_less",29
"/check-uk-visa/y/bosnia-and-herzegovina/study/six_months_or_less",14
"/check-uk-visa/y/sudan/transit/yes",2
"/check-uk-visa/y/singapore/study",41
"/check-uk-visa/y/oman/study/six_months_or_less",47
"/check-uk-visa/y/kyrgyzstan/work",7
"/check-uk-visa/y/brazil/work",94
"/check-uk-visa/y/taiwan/study/longer_than_six_months",42
"/check-uk-visa/y/china/transit/yes",199
"/check-uk-visa/y/ghana/marriage",27
"/check-uk-visa/y/democratic-republic-of-congo/study",2
"/check-uk-visa/y/serbia/transit",7
"/check-uk-visa/y/timor-leste/work/six_months_or_less",5
"/check-uk-visa/y/kosovo/tourism",47
"/check-uk-visa/y/georgia/tourism",45
"/check-uk-visa/y/iraq/work/six_months_or_less",62
"/check-uk-visa/y/mexico/medical",1
"/check-uk-visa/y/singapore/study/six_months_or_less",39
"/check-uk-visa/y/zambia/tourism",65
"/check-uk-visa/y/germany",149
"/check-uk-visa/y/canada/marriage",61
"/check-uk-visa/y/sierra-leone/transit/yes",4
"/check-uk-visa/y/australia/study/six_months_or_less",130
"/check-uk-visa/y/mali/work",1
"/check-uk-visa/y/somalia/work/six_months_or_less",2
"/check-uk-visa/y/turks-and-caicos-islands/work",2
"/check-uk-visa/y/zimbabwe/work",46
"/check-uk-visa/y/nigeria/study/longer_than_six_months",156
"/check-uk-visa/y/uganda/school",3
"/check-uk-visa/y/nepal",152
"/check-uk-visa/y/kenya/study/six_months_or_less",17
"/check-uk-visa/y/rwanda/tourism",20
"/check-uk-visa/y/panama/marriage",1
"/check-uk-visa/y/jamaica/study",20
"/check-uk-visa/y/guyana/work/longer_than_six_months",2
"/check-uk-visa/y/norway",75
"/check-uk-visa/y/ukraine/work/longer_than_six_months",91
"/check-uk-visa/y/british-dependent-territories-citizen/marriage",4
"/check-uk-visa/y/mongolia/transit",1
"/check-uk-visa/y/malta",15
"/check-uk-visa/y/new-zealand/study/six_months_or_less",17
"/check-uk-visa/y/mexico/tourism",222
"/check-uk-visa/y/niger/tourism",4
"/check-uk-visa/y/saudi-arabia/family",12
"/check-uk-visa/y/mali/marriage",1
"/check-uk-visa/y/trinidad-and-tobago/tourism",50
"/check-uk-visa/y/saudi-arabia/study/six_months_or_less",122
"/check-uk-visa/y/qatar/study",14
"/check-uk-visa/turkey",2
"/check-uk-visa/y/turkey/tourism",728
"/check-uk-visa/y/afghanistan/family",59
"/check-uk-visa/y/democratic-republic-of-congo",74
"/check-uk-visa/y/nicaragua/family",1
"/check-uk-visa/y/philippines/study/longer_than_six_months",21
"/check-uk-visa/y/belize/transit",2
"/check-uk-visa/y/bangladesh/transit/no",8
"/print/check-uk-visa/y/turkey/transit/yes",1
"/check-uk-visa/y/guatemala/transit",1
"/check-uk-visa/y/algeria/study",35
"/check-uk-visa/y/dominican-republic/transit/yes",4
"/check-uk-visa/y/indonesia/school",11
"/check-uk-visa/y/syria/work/longer_than_six_months",15
"/check-uk-visa/y/senegal/work/longer_than_six_months",4
"/check-uk-visa/y/ghana/work/longer_than_six_months",44
"/check-uk-visa/y/senegal/marriage",7
"/check-uk-visa/y/hong-kong/study/six_months_or_less",61
"/check-uk-visa/y/british-overseas-citizen/study/longer_than_six_months",20
"/check-uk-visa/y/australia/work/longer_than_six_months",750
"/check-uk-visa/y/guyana/work/six_months_or_less",2
"/check-uk-visa/y/liberia/transit/no",3
"/check-uk-visa/y/kosovo/work/longer_than_six_months",8
"/check-uk-visa/y/turkmenistan/work",2
"/check-uk-visa/y/british-national-overseas/study/six_months_or_less",4
"/check-uk-visa/y/british-protected-person",31
"/check-uk-visa/y/benin/work",1
"/check-uk-visa/y/papua-new-guinea/study/six_months_or_less",1
"/check-uk-visa/y/democratic-republic-of-congo/work/longer_than_six_months",1
"/check-uk-visa/y/hong-kong-(british-national-overseas)/marriage",4
"/check-uk-visa/y/vietnam/work",45
"/check-uk-visa/y/australia/study/longer_than_six_months",80
"/check-uk-visa/y/kenya/marriage",19
"/check-uk-visa/y/chad/work/six_months_or_less",1
"/check-uk-visa/y/chile/school",2
"/check-uk-visa/y/thailand/transit/yes",80
"/check-uk-visa/y/guinea/study/longer_than_six_months",1
"/check-uk-visa/y/pakistan/tourisgoom",1
"/check-uk-visa/y/qatar/work/longer_than_six_months",1
"/check-uk-visa/y/cape-verde/work/six_months_or_less",1
"/check-uk-visa/y/morocco/transit",10
"/check-uk-visa/y/british-dependent-territories-citizen/work/six_months_or_less",3
"/check-uk-visa/y/albania/study/six_months_or_less",18
"/check-uk-visa/y/nepal/work",21
"/check-uk-visa/y/laos/work/longer_than_six_months",1
"/check-uk-visa/y/iran/transit/yes",12
"/check-uk-visa/y/togo/work/longer_than_six_months",1
"/check-uk-visa/y/estonia",20
"/check-uk-visa/y/iraq",197
"/check-uk-visa/y/iran",326
"/check-uk-visa/y/british-national-overseas/marriage",8
"/check-uk-visa/y/lebanon/medical",3
"/check-uk-visa/y/british-national-overseas/study/longer_than_six_months",22
"/check-uk-visa/y/india/study/six_months_or_less",183
"/check-uk-visa/y/costa-rica/tourism",38
"/check-uk-visa/y/sri-lanka/work/longer_than_six_months",48
"/check-uk-visa/y/brunei/study",1
"/check-uk-visa/y/palau/tourism",1
"/check-uk-visa/y/british-overseas-citizen/work/six_months_or_less",5
"/check-uk-visa/y/grenada/study/longer_than_six_months",2
"/check-uk-visa/y/mexico/work/six_months_or_less",99
"/check-uk-visa/y/yemen/work/six_months_or_less",10
"/check-uk-visa/y/jordan/transit/no",28
"/check-uk-visa/y/macedonia",70
"/check-uk-visa/y/st-lucia/study",2
"/check-uk-visa/y/benin/tourism",17
"/check-uk-visa/y/brazil/marriage",48
"/check-uk-visa/y/taiwan/work",48
"/check-uk-visa/y/bahrain/study/six_months_or_less",9
"/check-uk-visa/y/peru/transit",25
"/check-uk-visa/y/yemen/study",5
"/check-uk-visa/y/paraguay",14
"/check-uk-visa/y/barbados/transit",1
"/check-uk-visa/y/south-africa/tourism",2198
"/check-uk-visa/y/georgia/transit/yes",4
"/check-uk-visa/y/comoros/work",3
"/check-uk-visa/y/mauritius/study/longer_than_six_months",6
"/check-uk-visa/y/cote-d-ivoire",75
"/check-uk-visa/y/cyprus-north/study",1
"/check-uk-visa/y/kuwait/work/longer_than_six_months",3
"/check-uk-visa/y/macedonia/family",7
"/check-uk-visa/y/georgia/work/longer_than_six_months",3
"/check-uk-visa/y/benin/family",1
"/check-uk-visa/y/namibia/tourism",25
"/check-uk-visa/y/saudi-arabia/medical",5
"/check-uk-visa/y/south-africa/marriage",48
"/check-uk-visa/y/south-africa/study/longer_than_six_months",40
"/check-uk-visa/y/gambia/work",1
"/check-uk-visa/y/hong-kong/work/longer_than_six_months",66
"/check-uk-visa/y/trinidad-and-tobago/study/longer_than_six_months",12
"/check-uk-visa/y/israel/study/longer_than_six_months",5
"/check-uk-visa/y/algeria/family",59
"/check-uk-visa/y/brazil/work/six_months_or_less",108
"/print/check-uk-visa/y/iraq/transit/no",1
"/check-uk-visa/y/st-kitts-and-nevis/study",6
"/check-uk-visa/y/montenegro/transit/yes",1
"/check-uk-visa/y/saudi-arabia/marriage",5
"/check-uk-visa/y/bolivia/transit",4
"/check-uk-visa/y/fiji/transit",5
"/check-uk-visa/y/barbados",43
"/check-uk-visa/y/turkey/transit/no",50
"/check-uk-visa/y/barbados/work",14
"/check-uk-visa/y/guinea-bissau/study",1
"/check-uk-visa/y/united-arab-emirates/study",13
"/check-uk-visa/y/thailand/work",106
"/check-uk-visa/y/nauru/tourism",3
"/check-uk-visa/y/gabon/work",3
"/check-uk-visa/y/bermuda/work",5
"/check-uk-visa/y/iran/study/longer_than_six_months",34
"/check-uk-visa/y/australia/tourism",973
"/check-uk-visa/y/samoa/family",3
"/check-uk-visa/y/hong-kong",253
"/check-uk-visa/y/kuwait/transit/no",2
"/check-uk-visa/y/gambia/work/longer_than_six_months",3
"/check-uk-visa/y/india/work/longer_than_six_months",1034
"/check-uk-visa/y/peru/study/six_months_or_less",32
"/check-uk-visa/y/kuwait/transit",5
"/check-uk-visa/y/egypt/transit/yes",57
"/check-uk-visa/y/cayman-islands/study",1
"/check-uk-visa/y/taiwan/work/longer_than_six_months",36
"/check-uk-visa/y/djibouti/work/six_months_or_less",1
"/check-uk-visa/y/belarus/study",16
"/check-uk-visa/y/uganda/study",23
"/check-uk-visa/y/bahrain/transit",5
"/check-uk-visa/y/bermuda/marriage",1
"/check-uk-visa/y/afghanistan/transit",14
"/check-uk-visa/y/kuwait/medical",28
"/check-uk-visa/y/grenada",10
"/check-uk-visa/y/thailand/tourism",860
"/check-uk-visa/y/comoros/study",6
"/check-uk-visa/y/rwanda/marriage",1
"/check-uk-visa/y/eritrea/work",1
"/check-uk-visa/y/taiwan/transit",2
"/check-uk-visa/y/tanzania/work/six_months_or_less",18
"/check-uk-visa/y/libya/marriage",4
"/check-uk-visa/y/mongolia/marriage",1
"/check-uk-visa/y/panama/work/longer_than_six_months",1
"/check-uk-visa/y/thailand/study",66
"/check-uk-visa/y/vietnam/study/longer_than_six_months",19
"/check-uk-visa/y/montenegro",19
"/check-uk-visa/y/congo/study",4
"/check-uk-visa/y/montenegro/marriage",1
"/check-uk-visa/southafrica",3
"/check-uk-visa/y/somalia/study",3
"/check-uk-visa/y/haiti/study",2
"/check-uk-visa/y/bhutan/study",1
"/check-uk-visa/y/south-africa/study/six_months_or_less",31
"/check-uk-visa/y/malawi/marriage",2
"/check-uk-visa/y/uzbekistan/work/six_months_or_less",10
"/check-uk-visa/y/south-korea/marriage",10
"/check-uk-visa/y/indonesia/marriage",12
"/check-uk-visa/y/uganda/work",37
"/check-uk-visa/y/qatar/medical",2
"/check-uk-visa/y/ukraine/study/six_months_or_less",77
"/check-uk-visa/y/ecuador/family",10
"/check-uk-visa/y/lesotho/marriage",1
"/check-uk-visa/y/uruguay/work/longer_than_six_months",8
"/check-uk-visa/y/albania/work/longer_than_six_months",31
"/check-uk-visa/y/south-africa/work",655
"/check-uk-visa/y/armenia/transit/no",3
"/check-uk-visa/y/gambia/transit/no",1
"/check-uk-visa/y/barbados/study",6
"/check-uk-visa/y/albania/transit",7
"/check-uk-visa/y/guinea-bissau/tourism",11
"/check-uk-visa/y/jamaica/work",36
"/check-uk-visa/y/argentina/school",1
"/check-uk-visa/y/jamaica/transit/yes",22
"/check-uk-visa/y/japan/work/longer_than_six_months",154
"/check-uk-visa/y/namibia/study/six_months_or_less",1
"/check-uk-visa/y/paraguay/family",2
"/check-uk-visa/y/lebanon/transit/no",49
"/check-uk-visa/y/uganda/transit/no",5
"/check-uk-visa/y/bolivia/family",7
"/check-uk-visa/y/madagascar/study/longer_than_six_months",1
"/check-uk-visa/y/guyana/tourism",61
"/check-uk-visa/y/angola/transit/no",5
"/check-uk-visa/y/lesotho",9
"/check-uk-visa/y/ecuador/study/longer_than_six_months",8
"/check-uk-visa/y/angola/tourism",85
"/check-uk-visa/y/maldives/work/longer_than_six_months",2
"/check-uk-visa/y/taiwan/study/six_months_or_less",62
"/check-uk-visa/y/uruguay",25
"/check-uk-visa/y/south-africa/study",54
"/check-uk-visa/y/jordan/study/six_months_or_less",19
"/print/check-uk-visa/y/japan/tourism",1
"/check-uk-visa/y/malawi/study",6
"/check-uk-visa/y/tonga/tourism",10
"/check-uk-visa/y/montenegro/tourism",41
"/check-uk-visa/y/cote-d-ivoire/family",7
"/check-uk-visa/y/philippines",1452
"/check-uk-visa/y/lebanon/family",25
"/check-uk-visa/y/belize/study",5
"/check-uk-visa/y/equatorial-guinea/work",1
"/check-uk-visa/y/angola/work/longer_than_six_months",3
"/check-uk-visa/y/india/work/six_months_or_less",1219
"/check-uk-visa/y/argentina/marriage",15
"/check-uk-visa/y/st-lucia/work/longer_than_six_months",5
"/check-uk-visa/y/vanuatu/tourism",2
"/check-uk-visa/y/iran/work",42
"/check-uk-visa/y/south-korea/study",80
"/check-uk-visa/y/ukraine/work/six_months_or_less",132
"/check-uk-visa/y/brazil/work/longer_than_six_months",111
"/check-uk-visa/y/zambia/transit",2
"/check-uk-visa/y/fiji/work/six_months_or_less",13
"/check-uk-visa/y/morocco/work",77
"/check-uk-visa/y/macedonia/work/longer_than_six_months",10
"/check-uk-visa/y/azerbaijan",60
"/check-uk-visa/y/guyana/medical",1
"/check-uk-visa/y/haiti/tourism",19
"/check-uk-visa/y/angola/work",21
"/check-uk-visa/y/china/work/longer_than_six_months",371
"/check-uk-visa/y/burma/marriage",9
"/check-uk-visa/y/moldova/family",5
"/check-uk-visa/y/vietnam/transit",8
"/check-uk-visa/y/suriname/transit",1
"/check-uk-visa/y/botswana/marriage",2
"/check-uk-visa/y/st-lucia/transit",1
"/check-uk-visa/y/albania/marriage",32
"/check-uk-visa/y/syria/marriage",5
"/check-uk-visa/y/swaziland/tourism",13
"/check-uk-visa/y/kosovo/study/six_months_or_less",6
"/check-uk-visa/y/nigeria/transit/no",49
"/check-uk-visa/y/russia/school",37
"/print/check-uk-visa/y/new-zealand/tourism",1
"/check-uk-visa/y/antigua-and-barbuda/study",1
"/check-uk-visa/y/mauritius/study/six_months_or_less",3
"/print/check-uk-visa/y/venezuela/transit/yes",1
"/check-uk-visa/y/jordan/transit/yes",19
"/check-uk-visa/y/gabon/study/six_months_or_less",2
"/check-uk-visa/y/hong-kong-(british-national-overseas)/study/longer_than_six_months",16
"/check-uk-visa/y/philippines/school",6
"/check-uk-visa/y/british-virgin-islands/tourism",8
"/check-uk-visa/y/azerbaijan/school",1
"/check-uk-visa/y/tonga/work/longer_than_six_months",1
"/check-uk-visa/y/south-sudan",12
"/check-uk-visa/y/egypt/study",51
"/check-uk-visa/y/british-national-overseas/work",29
"/check-uk-visa/y/pakistan/school",31
"/check-uk-visa/y/oman/work",29
"/check-uk-visa/y/namibia/marriage",1
"/check-uk-visa/y/ukraine/transit/no",5
"/check-uk-visa/y/new-zealand/study/longer_than_six_months",12
"/check-uk-visa/y/timor-leste/tourism",7
"/check-uk-visa/y/sudan/study/six_months_or_less",19
"/check-uk-visa/y/mozambique/transit/yes",3
"/check-uk-visa/y/swaziland/study/six_months_or_less",1
"/check-uk-visa/y/syria/study/longer_than_six_months",19
"/check-uk-visa/y/china/work",1731
"/check-uk-visa/y/maldives/study/six_months_or_less",1
"/check-uk-visa/y/jamaica/school",6
"/check-uk-visa/y/jamaica/transit",16
"/check-uk-visa/y/indonesia/study/six_months_or_less",17
"/check-uk-visa/y/papua-new-guinea/family",1
"/check-uk-visa/y/cuba/transit/no",6
"/check-uk-visa/y/tunisia",147
"/check-uk-visa/y/brunei/family",5
"/check-uk-visa/y/kosovo/study",5
"/check-uk-visa/y/cuba",38
"/check-uk-visa/y/thailand/transit/no",10
"/check-uk-visa/y/democratic-republic-of-congo/tourism",63
"/check-uk-visa/y/zimbabwe/work/longer_than_six_months",34
"/check-uk-visa/y/british-protected-person/work/longer_than_six_months",3
"/check-uk-visa/y/kazakhstan",234
"/check-uk-visa/y/oman/study",52
"/check-uk-visa/y/senegal/study/six_months_or_less",8
"/check-uk-visa/y/georgia/work/six_months_or_less",16
"/check-uk-visa/y/colombia/study",80
"/check-uk-visa/y",259727
"/check-uk-visa/]",1
"/check-uk-visa/y/ecuador/tourism",149
"/check-uk-visa/y/israel/work/longer_than_six_months",10
"/check-uk-visa/y/egypt/transit/no",42
"/check-uk-visa/y/mexico/work",74
"/check-uk-visa/y/togo/study/longer_than_six_months",1
"/check-uk-visa/y/iraq/transit/no",7
"/check-uk-visa/y/canada/work/longer_than_six_months",397
"/check-uk-visa/y/serbia/work",70
"/check-uk-visa/y/thailand/work/six_months_or_less",108
"/check-uk-visa/y/angola/work/six_months_or_less",20
"/check-uk-visa/y/mozambique",49
"/check-uk-visa/y/bahrain/school",1
"/check-uk-visa/y/hong-kong/marriage",3
"/check-uk-visa/bangladesh/tourism",1
"/check-uk-visa/y/algeria/marriage",24
"/check-uk-visa/y/nigeria/work",212
"/check-uk-visa/y/togo/tourism",15
"/check-uk-visa/y/afghanistan",833
"/check-uk-visa/y/kenya/medical",2
"/check-uk-visa/y/eritrea/work/six_months_or_less",2
"/check-uk-visa/y/djibouti/transit",1
"/check-uk-visa/y/cuba/study/longer_than_six_months",2
"/check-uk-visa/y/jamaica/work/longer_than_six_months",29
"/check-uk-visa/y/spain",104
"/check-uk-visa/y/turks-and-caicos-islands/study/longer_than_six_months",1
"/check-uk-visa/y/somalia/work",3
"/check-uk-visa/y/cuba/transit",14
"/check-uk-visa/y/nepal/tourism",136
"/check-uk-visa/y/syria/family",11
"/print/check-uk-visa/y/kenya/transit/no",1
"/check-uk-visa/y/tanzania/study/six_months_or_less",7
"/check-uk-visa/y/british-dependent-territories-citizen/study",6
"/check-uk-visa/y/montenegro/transit/no",1
"/check-uk-visa/y/china/marriage",94
"/check-uk-visa/y/british-overseas-citizen/family",20
"/check-uk-visa/y/cape-verde/study",2
"/check-uk-visa/y/bolivia/transit/no",3
"/check-uk-visa/y/micronesia",1
"/check-uk-visa/y/barbados/marriage",11
"/check-uk-visa/y/singapore/tourism",90
"/check-uk-visa/y/cameroon",124
"/check-uk-visa/y/bosnia-and-herzegovina/study/longer_than_six_months",3
"/check-uk-visa/y/united-arab-emirates/study/six_months_or_less",16
"/check-uk-visa/y/hong-kong-(british-national-overseas)/family",6
"/check-uk-visa/y/zimbabwe",300
"/check-uk-visa/y/maldives/family",1
"/check-uk-visa/y/dominican-republic/work/longer_than_six_months",11
"/check-uk-visa/y/india/study",245
"/check-uk-visa/y/mozambique/work",17
"/check-uk-visa/y/guinea/work",3
"/check-uk-visa/y/turkmenistan/study/six_months_or_less",6
"/check-uk-visa/y/kuwait/study",10
"/check-uk-visa/y/syria/work/six_months_or_less",33
"/check-uk-visa/y/fiji/study",1
"/check-uk-visa/y/papua-new-guinea/work/six_months_or_less",3
"/check-uk-visa/y/swaziland/work/longer_than_six_months",2
"/check-uk-visa/y/gambia/tourism",58
"/check-uk-visa/y/senegal/school",1
"/check-uk-visa/y/mongolia",22
"/check-uk-visa/y/china/study/six_months_or_less",721
"/check-uk-visa/y/macedonia/study",6
"/check-uk-visa/y/yemen/marriage",1
"/check-uk-visa/y/india",5319
"/check-uk-visa/y/china/school",388
"/check-uk-visa/y/nigeria",2099
"/check-uk-visa/y/serbia/marriage",5
"/check-uk-visa/y/nepal/study",17
"/check-uk-visa/y/sierra-leone/work",4
"/check-uk-visa/y/mozambique/work/six_months_or_less",20
"/check-uk-visa/y/albania/study",15
"/check-uk-visa/y/ethiopia/marriage",4
"/check-uk-visa/y/kenya/study",48
"/check-uk-visa/y/pakistan/work/six_months_or_less2",1
"/check-uk-visa/y/israel/tourism",37
"/check-uk-visa/y/swaziland/family",2
"/check-uk-visa/y/bosnia-and-herzegovina/family",3
"/check-uk-visa/y/st-kitts-and-nevis/work",6
"/check-uk-visa/a/transit/no",1
"/check-uk-visa/y/bolivia/study",5
"/check-uk-visa/y/venezuela/marriage",15
"/check-uk-visa/y/kuwait",351
"/check-uk-visa/y/botswana/work/longer_than_six_months",6
"/check-uk-visa/y/vanuatu/work",1
"/check-uk-visa/y/eritrea/tourism",18
"/check-uk-visa/y/algeria/transit",18
"/check-uk-visa/y/japan/tourism",127
"/check-uk-visa/y/saudi-arabia/transit/no",6
"/check-uk-visa/y/bolivia/marriage",2
"/check-uk-visa/y/tunisia/study/longer_than_six_months",3
"/check-uk-visa/y/russia/work/longer_than_six_months",129
"/check-uk-visa/y/dominica",9
"/check-uk-visa/y/brunei/marriage",1
"/check-uk-visa/y/uruguay/work",1
"/check-uk-visa/y/argentina/work/longer_than_six_months",34
"/check-uk-visa/y/guinea-bissau/marriage",1
"/check-uk-visa/y/central-african-republic/tourism",2
"/check-uk-visa/y/bhutan/work",2
"/check-uk-visa/y/uruguay/medical",1
"/check-uk-visa/y/afghanistan/medical",1
"/check-uk-visa/y/cuba/transit/yes",11
"/check-uk-visa/y/armenia/marriage",1
"/check-uk-visa/y/japan/study/six_months_or_less",113
"/check-uk-visa/y/pakistan/family",364
"/check-uk-visa/y/colombia/transit",53
"/check-uk-visa/y/belize/study/six_months_or_less",3
"/check-uk-visa/y/british-virgin-islands/study",4
"/check-uk-visa/y/lesotho/tourism",5
"/check-uk-visa/y/niger/study/longer_than_six_months",1
"/check-uk-visa/y/oman",200
"/check-uk-visa/y/moldova/school",1
"/check-uk-visa/y/jamaica/family",111
"/check-uk-visa/y/macedonia/study/longer_than_six_months",3
"/check-uk-visa/y/azerbaijan/study",9
"/check-uk-visa/y/russia/marriage",50
"/check-uk-visa/y/uzbekistan/study/longer_than_six_months",6
"/check-uk-visa/y/belarus/work/longer_than_six_months",16
"/check-uk-visa",328668
"/check-uk-visa/y/honduras/work/longer_than_six_months",1
"/check-uk-visa/y/ukraine/study",33
"/check-uk-visa/y/iran/work/six_months_or_less",55
"/check-uk-visa/y/solomon-islands/work",2
"/check-uk-visa/y/algeria/school",4
"/check-uk-visa/y/trinidad-and-tobago/study",9
"/check-uk-visa/y/zambia/work/six_months_or_less",9
"/check-uk-visa/y/cameroon/school",1
"/check-uk-visa/y/zambia/work/longer_than_six_months",3
"/check-uk-visa/y/fiji/transit/yes",5
"/check-uk-visa/y/thailand/work/longer_than_six_months",38
"/check-uk-visa/y/central-african-republic/work",1
"/check-uk-visa/y/kazakhstan/transit",12
"/check-uk-visa/y/kyrgyzstan/study/six_months_or_less",2
"/check-uk-visa/y/angola/transit",8
"/check-uk-visa/y/morocco/transit/yes",13
"/check-uk-visa/y/hungary",33
"/check-uk-visa/y/nigeria/marriage",4
